Number;Storage;Name;Est.;Country;Type;ABV;Vol;Date
;Blue;Timișoreana;1718;RO;blonde;5;500;
;Blue;Timișoreana;1718;RO;blonde;5;500;
;Blue;Timișoreana;1718;RO;unfiltered;5;500;
620;Blue;Timișoreana;1718;RO;blonde;5;500;14/03/2021
626;Blue;Timișoreana;1718;RO;unpasteurised;5;500;26/03/2021
;Blue;Nenea Iancu;;RO;blonde;4.9;500;
;Blue;Nenea Iancu;;RO;"wheat; unfiltered";5.1;500;
615;Blue;Nenea Iancu;;RO;blonde;4.9;500;14/02/2021
618;Blue;Nenea Iancu;;RO;"wheat; unfiltered";5.5;500;02/03/2021
;Blue;Nenea Iancu;;RO;Christmas Beer;5.7;500;
;Blue;Skol;;RO;unfiltered;5;500;
;Blue;Cazino;;RO;unfiltered;5.2;330;
430;Blue;Cazino;2016;RO;lager;5.2;330;16/12/2019
;Blue;Silva;;RO;blonde;5;500;
;Blue;Silva;;RO;dark;7;500;
757;Blue;Silva;;RO;blonde;5;500;26/12/2021
;Blue;Silva;;RO;dark;7;500;
;Blue;Bergenbier;1994;RO;blonde;5;500;
;Blue;Bergenbier;;RO;ale;5.5;500;
266;Blue;Bergenbier;1994;RO;blonde;5;500;
;Blue;Chișinău;1873;RO;;;500;
;Blue;Gambrinus;1869;RO;beer;5.5;400;
;Blue;Tari ca munții;2017;RO;;5.2;500;23/12/2017
1017;Blue;Cibis;;RO;amber;6.3;500;28/12/2022
;Blue;Oppler;1854;RO;pilsner;4.1;500;
;Blue;Stejar;;RO;;5.5;500;
209;Blue;Arrogant;;RO;IPA;6;330;01/08/2018
577;Blue;TNR;2019;RO;blonde;4.5;500;08/12/2020
;Blue;Zăganu;2013;RO;blonde unfiltered;5.3;500;
607;Blue;Zăganu;2013;RO;brown;6.5;500;18/01/2021
640;Blue;Sturionul;;RO;unpasteurised;5.6;330;24/04/2021
;Blue;Ciuc;;RO;blonde;5;330;
;Blue;Ursus Premium;1878;RO;blonde;5;500;
204;Blue;Ursus Black;1878;RO;dark;6;500;
1262;Blue;Ursus Premium;1878;RO;blonde;5;500;04/09/2023
1359;Blue;Ursus Premium;1878;RO;blonde;5;500;20/12/2023
205;Blue;Ursus Retro;1878;RO;unfiltered;5.3;500;27/07/2018
580;Blue;Ursus Pale Ale Panda;1878;RO;pale ale;4.5;330;10/12/2020
582;Blue;Ursus Black Grizzly;1878;RO;black;6;330;12/12/2020
584;Blue;Ursus Retro Carpatin;1878;RO;unpasteurised;5.3;330;15/12/2020
264;Blue;Danke Bukarest!;;DE;German lager;5.5;500;25/12/2018
265;Blue;Doors Brew;;RO;unfiltered;5.2;330;26/12/2018
612;Blue;Rock Halle;;RO;amber lager;6.5;500;05/02/2021
616;Blue;Rock Halle;;RO;blonde;5;500;21/02/2021
268;Blue;Strașnic;;RO;blonde;4.7;500;30/12/2018
655;Blue;Strașnic;;RO;unfiltered;4.7;500;16/06/2021
656;Blue;Strașnic;;RO;unfiltered;4.7;500;19/06/2021
657;Blue;Strașnic;;RO;unfiltered;4.7;500;22/06/2021
313;Blue;Șapte coline;2005;RO;märzen;5.7;500;25/04/2019
316;Blue;Șapte coline;2005;RO;pils;4.75;500;28/04/2019
320;Blue;Șapte coline;2005;RO;three hops;4.75;500;04/05/2019
324;Blue;Șapte coline;2005;RO;"black; unfiltered";6.5;500;12/05/2019
645;Blue;Șapte coline;2005;RO;blonde unfiltered;4.75;500;01/05/2021
326;Blue;7 Strings;;RO;beer;4.8;500;13/06/2019
428;Blue;Haramin;;BE;IPA;5.5;330;24/12/2019
429;Blue;Haramin;;BE;tripel;9.5;330;25/12/2019
372;Blue;Nemțeana;;RO;amber;6.5;500;10/09/2019
643;Blue;Nemțeana;;RO;lager;6.5;500;30/04/2021
613;Blue;Nemțeana;;RO;pilsner;5;500;06/02/2021
644;Blue;Corvus;;RO;unfiltered;4.5;500;01/05/2021
;Blue;Sikaru;;RO;"red; IPA";5.2;330;
321;Blue;Sikaru;;RO;stout;5.5;330;07/05/2019
323;Blue;Sikaru;;RO;blonde;5.5;330;10/05/2019
646;Blue;SIkaru;;RO;summer ale;5.2;330;01/05/2021
369;Blue;One Beer Later Einstein is Wrong;;RO;American amber ale;5;330;01/09/2019
608;Blue;One beer later Perfect Reply;;RO;pale ale;5;330;19/01/2021
609;Blue;One beer later Albert is Wrong;;RO;amber ale;5;330;20/01/2021
610;Blue;One beer later Rock 'n Beer;;RO;lager;5;330;21/01/2021
370;Blue;Cearfisă Weißbier;;RO;white;5.2;500;01/09/2019
1007;Blue;Cearfisă Pale Ale;;RO;pale ale;5.5;330;16/12/2022
432;Blue;Călimani;1974;RO;blonde;4.6;500;30/12/2019
433;Blue;Terapia Rubin;;RO;amber ale;6;500;31/12/2019
436;Blue;Csiki Barna;;RO;beer;7;500;31/12/2019
1260;Blue;Csíki Sör;1540;RO;beer;6;500;01/09/2023
639;Blue;Neumarkt;;RO;pilsner;5.2;660;21/04/2021
601;Blue;Ciucaș;;RO;beer;4.6;330;01/01/2021
586;Blue;Legenda lui Matei Corvin;;RO;lager;4.7;330;19/12/2020
587;Blue;Paloșul lui Ștefan cel Mare;;RO;IPA;6.3;330;21/12/2020
588;Blue;Enigma lui Negru Vodă;;RO;porter;6;330;22/12/2020
636;Blue;Țeapa lui Vlad;;RO;red ale;5.2;330;12/04/2021
1015;Blue;Pana lui Viteazu';;RO;pilsner;4.8;330;24/12/2022
1027;Blue;Coșmarul lui Baiazid;;RO;wheat ale;4.5;330;31/12/2022
761;Blue;Wallachia Pale Ale;;RO;pale ale;5;500;08/01/2022
762;Blue;Wallachia Pilsner;;RO;pilsner;5.3;500;10/01/2022
596;Blue;Transylvania Amber Delight;;RO;amber;7.2;330;29/12/2020
602;Blue;Transylvania After Dark;;RO;dopplebock;7.2;330;01/01/2021
598;Blue;Bucur;;RO;black;6.5;350;30/12/2020
604;Blue;Bucur;;RO;blonde;5;350;04/01/2021
267;Blue;Zimbru;1845;RO;blonde;5;500;28/12/2018
603;Blue;Zimbru;1845;RO;beer;5;330;02/01/2021
647;Blue;Oriel Saison;2018;RO;saison;6.9;330;06/05/2021
650;Blue;Oriel Dubbel;2018;RO;dubbel;8;330;14/05/2021
630;Blue;Capra noastră;;RO;white;6.5;330;02/05/2021
637;Blue;Capra noastră;;RO;brown;6.5;330;15/04/2021
632;Blue;Capra noastră;;RO;tripel;7.5;330;07/04/2021
654;Blue;Capra noastră;;RO;saison;6;330;13/06/2021
638;Blue;Capra noastră;;RO;IPA;6.2;330;17/04/2021
605;Blue;Hab;;RO;lager;5;330;08/01/2021
628;Blue;Solca;1810;RO;blonde;4.8;500;30/03/2021
629;Blue;Suceava;1974;RO;blonde;4.4;500;31/03/2021
635;Blue;Scorilo;;RO;blonde;5;500;10/04/2021
649;Blue;La Llorona;;RO;amber ale;6.3;330;14/05/2021
648;Blue;Deranj;;RO;wheat;5;500;07/05/2021
651;Blue;Deranj IPA;;RO;IPA;5.8;500;24/05/2021
590;Blue;Meșterul Manole Bock;;RO;Bock;6.3;500;22/12/2020
592;Blue;Meșterul Manole Buchetul Anei;;RO;lager;4.5;330;24/12/2020
1020;Blue;Meșterul Manole Blondă;;RO;blonde;6.3;500;29/12/2022
1022;Blue;Meșterul Manole Viguros;;RO;blonde;5.3;500;29/12/2022
652;Blue;Mustață;;RO;IPA;5.5;330;01/06/2021
760;Blue;Red Revolution;;RO;amber;5;330;31/12/2021
1008;Blue;Olovina Pale Ale;;RO;pale ale;5.5;330;16/12/2022
1009;Blue;Olovina Pils;;RO;pilsner;4.8;330;16/12/2022
;Blue;Azuga;1870;RO;blone unpasteurised;5.5;500;09/07/2018
1016;Blue;Azuga Nefiltrată Weißbier;1870;RO;weißbier;5.3;500;25/12/2022
1030;Blue;Azuga Märzen;1870;RO;blone unpasteurised;5.5;500;04/01/2023
374;Blue;1717;;RO;red ale;5.4;330;12/09/2019
1026;Blue;Urban Helles;;RO;helles;5;330;29/12/2022
1028;Blue;Urban Märzen;;RO;märzen;5.5;330;31/12/2022
589;Blue;Plan Beer Golden Shower;;RO;blonde;4.5;330;22/12/2020
595;Blue;Plan Beer Fear of the Duck;;RO;IPA;6;330;28/12/2020
754;Blue;Plan Beer Golden Shower;;RO;blonde;4.5;330;19/12/2021
755;Blue;Plan Beer Fear of the Duck;;RO;IPA;6;330;19/12/2021
1018;Blue;Plan Beer For Those About to Plan;;RO;red ale;5;330;28/12/2022
1019;Blue;Plan Beer Malt Me Up;;RO;EPIA;5.8;330;28/12/2022
1011;Blue;Grivița Abduction;;RO;APA;4.8;500;21/12/2022
1012;Blue;Grivița Hazy IPA;;RO;HIPA;5.2;500;21/12/2022
1013;Blue;Grivița Gold;;RO;pilsner;4.6;500;21/12/2022
1029;Blue;Albacher;;RO;pilsner;4.8;660;31/12/2022
1021;Blue;Clusa 1913;;RO;red lager;5.5;330;29/12/2022
1023;Blue;Clusa 1919;;RO;helles;5.4;330;29/12/2022
1024;Blue;Clusa 1989;;RO;IPA;6;330;29/12/2022
597;Blue;Hora Unirii;;RO;beer;5;500;30/12/2020
1091;Blue;Dacic zmeură;;RO;cider;4.5;330;26/02/2023
1124;Blue;Dacic berry;;RO;cider;4.5;330;30/03/2023
1265;Blue;Dacic căpșuni și frăguțe;;RO;cider;4.5;330;06/09/2023
1186;Blue;"Don't feed the cat ;)";;RO;HNEIPA;5.5;500;30/06/2023
;Blue;Tungri dublu fermentată nefiltrată;;BE;"double; unfiltered";7;330;20/08/2017
203;Blue;Tungri blondă nefiltrată;;BE;blonde unfiltered;7.5;330;23/07/2018
1253;Blue;Ravu;;RO;IPA;6.1;330;30/08/2023
1255;Blue;Antica;;RO;WIPA;5.5;330;30/08/2023
1254;Blue;Hop Hooligans Never Too Latte;;RO;tiramisu imperial stout;12;330;30/08/2023
1256;Blue;Hop Hooligans Sencha;;RO;tea pale ale;5;500;30/08/2023
1258;Blue;Hop Hooligans Healthy Habits;;RO;summer ale;5;500;31/08/2023
1259;Blue;Hop Hooligans Crowd Control;;RO;NEIPA;6;500;31/08/2023
1360;Blue;Carnaval;;RO;IPA;6.5;500;21/12/2023
;Big brown;KingGoblin;;UK;beer;6.6;500;11/03/2014
;Big brown;Hobgoblin;;UK;ruby beer;5.2;500;
;Big brown;Imperial Red;;UK;ruby ale;4.7;500;
;Big brown;Pumpking;;UK;pumpkin;3.8;500;24/10/2014
;Big brown;Dr. Thirsty’s;;UK;blonde;4.1;500;
431;Big brown;Ginger Beard;;UK;ginger beer;4.2;500;27/12/2019
;Big brown;Dunkel Fester;;UK;dark;4.4;500;18/10/2016
;Big brown;Piledriver;;UK;ale;4.3;500;
;Big brown;Wychcraft;;UK;blonde;4.5;500;24/03/2015
279;Big brown;Hobgoblin;;UK;IPA;5.3;500;13/02/2019
;Big brown;Goliath;;UK;best bitter;4.2;500;25/11/2015
567;Big brown;Goliath;;UK;best bitter;4.2;500;25/11/2020
395;Big brown;Hobgoblin;;UK;ruby beer;5.2;500;18/10/2019
412;Big brown;KingGoblin;;UK;beer;6.6;500;05/12/2019
569;Big brown;Shy Giant;;UK;amber beer;4.7;500;28/11/2020
571;Big brown;Diceman;;UK;stout;5;500;01/12/2020
;Big brown;Wells Bombardier;1876;UK;reserve;6;500;16/03/2015
;Big brown;Wells Bombardier;1876;UK;;4.7;500;14/03/2014
224;Big brown;Bombardier;;UK;amber;4.7;500;31/08/2018
226;Big brown;Lancaster Bomber;;UK;amber ale;4.4;500;03/09/2018
;Big brown;Old Speckled Hen;1711;UK;ale;5;500;
;Big brown;Old Golden Hen;1711;UK;beer;4.1;500;
;Big brown;Old Crafty Hen;1711;UK;vintage ale;6.5;500;
;Big brown;Manns;1902;UK;brown ale;2.8;500;06/03/2014
398;Big brown;Isle of Arran;;UK;blonde;5;500;19/10/2019
;Big brown;Cobra;;UK;beer;4.8;660;
382;Big brown;Cobra;;UK;beer;4.5;620;29/09/2019
;Big brown;County Carlow;1740;UK;Irish stout;4.5;500;
;Big brown;Titanic;;UK;stout;4.5;500;
;Big brown;Mud City;;UK;stout;6.6;500;
1363;Big brown;Belhaven Black;;UK;stout;4.2;500;23/12/2023
;Big brown;London Pride;;UK;ale;4.7;500;
;Big brown;London Pride;;UK;ale;4.7;500;
;Big brown;Pedigree;;UK;pale ale;4.5;500;20/03/2014
;Big brown;Pedigree;1854;UK;"limited ed.; pale ale";4.5;500;
;Big brown;Owd Roger;;UK;country ale;7.4;500;28/02/2014
;Big brown;Landlord;1858;UK;classic pale ale;4.1;500;
278;Big brown;Landlord;1858;UK;classic pale ale;4.1;500;12/02/2019
;Big brown;Kentish Ale;;UK;ale;4.5;500;01/03/2014
450;Big brown;Sharp's Coconut Stout;1994;UK;stout;5.2;330;21/01/2020
;Big brown;Old Empire;;UK;IPA;5.7;500;22/03/2014
;Big brown;Barry Island;;UK;American IPA;6;500;
;Big brown;Jennings;1828;UK;Cumberland ale;4.7;500;02/05/2014
;Big brown;Sussex Golden Ale;;UK;golden ale;3.8;500;
392;Big brown;Old Peculier;1827;UK;ale;5.6;500;15/10/2019
;Big brown;Old Peculier;1827;UK;ale;5.6;500;
;Big brown;Banks’s;1875;UK;bitter;3.8;500;
393;Big brown;Banks's;1875;UK;amber ale;3.8;500;16/10/2019
;Big brown;Blue Moon;;UK;wheat beer;5.4;330;
229;Big brown;Blue Moon;1995;UK;wheat beer;5.4;330;07/09/2018
474;Big brown;Gem;1995;UK;amber ale;4.8;500;29/02/2020
475;Big brown;Old Tom;1899;UK;strong ale;8.5;330;01/03/2020
234;Big brown;Courage Directors;1787;UK;ale;4.8;500;13/09/2018
;Big brown;Courage;1787;UK;bitter;3.6;500;
;Big brown;Crest;;UK;beer;10;500;
;Big brown;Tennent’s Super;;UK;lager;9;500;
408;Big brown;Tangle Foot;;UK;golden ale;5;500;26/11/2019
;Big brown;Broughton Old Jock;1979;UK;Scotch ale;6.7;500;16/08/2017
;Big brown;Schiehallion;1983;UK;lager;4.8;500;
;Big brown;Butcombe;1978;UK;bitter;4.5;500;27/03/2014
;Big brown;Bira London;;UK;beer;4;330;18/06/2017
;Big brown;Hop House 13;;UK;lager;4.1;500;
;Big brown;Double Hop Monster;;UK;IPA;7.2;330;07/12/2017
;Big brown;By the Horns;;UK;lager;4.5;330;
763;Big brown;Abbot Reserve;1799;UK;;6.5;500;11/01/2022
;Big brown;Abbot Ale;1799;UK;ale;5;500;
;Big brown;Twisted Wheel;;UK;;4;500;
;Big brown;Foundry Torpedo;;UK;bitter;4.5;500;
227;Big brown;Pheasant Plucker;;UK;amber ale;4.5;500;
235;Big brown;Moorhouse's White Witch;;UK;blonde ale;3.9;500;13/09/2018
256;Big brown;Freedom Four;1995;UK;lager;4;330;27/11/2018
259;Big brown;Holy Grail;;UK;golden ale;4.7;500;07/12/2018
;Big brown;Brewdog 5am Saint;;UK;amber;5;330;
;Big brown;Brewdog Dead Pony Club;;UK;pale ale;3.8;330;12/12/2017
255;Big brown;Brewdog Mr. President;;UK;double IPA;9.2;330;24/11/2018
409;Big brown;Brewdog Vagabond;;UK;American pale ale;4.5;330;27/11/2019
455;Big brown;Brewdog Lost Lager;;UK;lager;4.7;660;31/01/2020
497;Big brown;Brewdog Dead Pony Club;;UK;pale ale;3.8;330;25/05/2020
908;Big brown;Brewdog AldIPA;;UK;IPA;5.4;330;11/09/2022
1004;Big brown;Brewdog #16;;UK;smoked porter;5.8;330;13/12/2022
1060;Big brown;Brewdog Kiez Keule;;UK;lager;5.8;330;
1062;Big brown;Brewdog Elvis Juice;;UK;GIIPA;5.1;330;04/02/2023
530;Big brown;Adnams Lighthouse;;UK;golden beer;3.4;500;23/08/2020
465;Big brown;Adnams Ghost Ship;;UK;citrus pale ale;4.5;500;
;Big brown;Adnams Broadside;;UK;;6.3;500;08/06/2015
;Big brown;Jennings;1828;UK;;;500;
379;Big brown;Coop Winter Ruby Ale;;UK;ruby ale;6.5;500;26/09/2019
387;Big brown;Coop Triple Hop;;UK;ale;5.5;330;07/10/2019
388;Big brown;Coop IPA;;UK;IPA;4.5;500;10/10/2019
391;Big brown;Coop Golden Ale;;UK;golden ale;4;500;13/10/2019
384;Big brown;Pure Ubu;;UK;amber ale;4.5;500;03/10/2019
385;Big brown;Spitfire;;UK;amber ale;4.5;500;04/10/2019
386;Big brown;The Fursty Ferret;;UK;amber ale;4.4;500;05/10/2019
389;Big brown;Doom Bar;;UK;amber ale;4.3;500;10/10/2019
481;Big brown;Brakspear Oxford Gold;1779;UK;golden ale;4.6;500;23/03/2020
;Big brown;Brakspear Bitter;1779;UK;bitter;3.4;500;30/05/2015
383;Big brown;Maltsmiths;;UK;pilsner;4.6;500;30/09/2019
394;Big brown;Innis & Gunn Blood Red Sky;;UK;red ale;6.8;330;18/10/2019
1153;Big brown;Innis & Gunn Caribbean Run Cask;;UK;red beer;6.8;330;26/04/2023
;Big brown;McEwan’s Champion;1856;UK;ale;7.3;500;07/03/2017
397;Big brown;McEwan’s Champion;1856;UK;ale;7.3;500;18/10/2019
399;Big brown;Camden Hells;;UK;lager;4.6;660;22/10/2019
402;Big brown;Camden Hells;;UK;lager;4.6;330;06/11/2019
;Big brown;Tiger;1932;UK;lager;5;660;
;Big brown;Worcester Sorcerer;;UK;bitter;4.3;500;
;Big brown;Trooper;;UK;beer;4.7;500;03/03/2014
;Big brown;Trooper;;UK;beer;4.7;500;
213;Big brown;Trooper Hallowed;;UK;British Belgian;6;330;06/08/2018
404;Big brown;Trooper 666;;UK;beer;6.6;330;15/11/2019
405;Big brown;Trooper Sun and Steel;;UK;sake lager;4.8;330;15/11/2019
406;Big brown;Trooper Light Brigade;;UK;golden;4.1;330;15/11/2019
407;Big brown;Trooper Red 'n' Black;;UK;porter;6.8;330;24/11/2019
456;Big brown;Trooper;;UK;beer;4.7;330;01/02/2020
954;Big brown;Trooper The Number of the Beast;;UK;beer;4.7;330;29/10/2022
413;Big brown;Black Sheep;1992;UK;amber ale;4.4;500;06/12/2019
414;Big brown;Heritage;1799;UK;vintage ale;6.5;500;06/12/2019
411;Big brown;Butty Bach;1985;UK;ale;4.5;500;04/12/2019
418;Big brown;St. Peter's Best Bitter;;UK;bitter ale;4.1;500;10/12/2019
419;Big brown;St. Peter's Gatekeeper;;UK;golden ale;4.7;500;10/12/2019
476;Big brown;St. Peter's Ruby Red;;UK;ruby ale;4.3;500;08/03/2020
477;Big brown;St. Peter's Best Bitter;;UK;bitter ale;3.7;500;08/03/2020
480;Big brown;St. Peter's English Pale Ale;;UK;EPA;3.8;500;11/03/2020
289;Big brown;St. Peter's Suffolk Gold;;UK;golden ale;4.9;500;19/02/2019
964;Big brown;St. Peter's Whisky Beer;;UK;whisky beer;4.8;500;07/11/2022
561;Big brown;Vocation Bigger Boat;2015;UK;hazy pale ale;4;330;07/11/2020
438;Big brown;Fuller's 1845;1845;UK;ale;6.3;500;02/01/2020
444;Big brown;Bengal Lancer;1845;UK;IPA;5;500;16/01/2020
448;Big brown;ESB;1845;UK;ale;5.9;500;19/01/2020
451;Big brown;Ram Rod;;UK;ale;5;275;15/01/2020
228;Big brown;Razorback;;UK;amber ale;3.6;500;04/09/2018
;Big brown;Forty Niner;;UK;golden;4.9;500;
453;Big brown;Old Thumper;;UK;ale;5.1;500;26/01/2020
;Big brown;Medusa;;UK;amber;5;500;
442;Big brown;Hog's Back RIP Snorter;;UK;amber ale;5;500;12/01/2020
462;Big brown;Hog's Back Gardener's Tipple;;UK;beer;4;500;13/02/2020
472;Big brown;Hog's Back T.E.A.;;UK;ale;4.2;500;24/02/2020
396;Big brown;St. Mungo;;UK;;4.9;500;18/10/2019
484;Big brown;Wiper and True;;UK;pale ale;4;330;17/04/2020
485;Big brown;Cross Borders;;UK;session IPA;4.2;330;18/04/2020
486;Big brown;Braybrooke;;UK;keller lager;4.8;330;19/04/2020
487;Big brown;Canopy;;UK;saison;5.5;330;22/04/2020
488;Big brown;Arbor C Bomb;;UK;citra pale ale;4.7;568;01/05/2020
489;Big brown;Gloucester Gold;2011;UK;golden;3.9;440;05/05/2020
490;Big brown;Moonstrips;;UK;smoky wheat;5;330;08/05/2020
491;Big brown;Repeater;;UK;session IPA;4.2;330;16/05/2020
479;Big brown;Korev;1851;UK;lager;4.8;500;10/03/2020
492;Big brown;Lost Pier;;UK;session pale ale;3.4;330;20/05/2020
493;Big brown;Brew by Numbers 11;;UK;session IPA;4.2;330;21/05/2020
553;Big brown;Brew by Numbers 23;;UK;keller pilsner;5;330;20/10/2020
505;Big brown;Skull Splitter;1988;UK;ale;8.5;330;17/06/2020
506;Big brown;Red MacGregor;1988;UK;ruby ale;4;500;21/06/2020
507;Big brown;Dark Island;1988;UK;dark ale;4.6;500;22/06/2020
;Big brown;Dragonhead;1988;UK;stout;4;500;
508;Big brown;Puffin Ale;1988;UK;ale;4.5;500;23/06/2020
509;Big brown;Raven Ale;1988;UK;golden ale;3.8;500;29/06/2020
510;Big brown;Clootie Dumpling;1988;UK;tawny ale;4.3;500;01/07/2020
511;Big brown;Cliff Edge;1988;UK;IPA;4.7;500;04/07/2020
512;Big brown;Northern Light;1988;UK;pale ale;4;500;11/07/2020
513;Big brown;Orkney Gold;1988;UK;golden ale;4.5;500;11/07/2020
515;Big brown;Corncrake Ale;1988;UK;straw ale;4.1;500;16/07/2020
;Big brown;Combined Harvest;1874;UK;multigrain beer;4.7;500;
516;Big brown;Jubel Alpine;2017;UK;peach beer;4;330;19/07/2020
519;Big brown;Jubel Urban;2017;UK;elderflower beer;4;330;26/07/2020
518;Big brown;Gypsy Hill Desert Haze;;UK;hazy pale ale;4;330;24/07/2020
521;Big brown;Gypsy Hill Ranger;;UK;pale ale;4.2;330;04/08/2020
520;Big brown;Lost+Found Hold it Down;;UK;session IPA;4.2;330;31/07/2020
523;Big brown;Young's London Special;1831;UK;beer;6.4;500;11/08/2020
361;Big brown;Road Crew;;UK;American pale ale;5;330;18/08/2019
532;Big brown;Lost and Grounded;;UK;Keller pilsner;4.8;330;06/09/2020
533;Big brown;Curious Brew;;UK;lager;4.7;330;10/09/2020
534;Big brown;Gold Top;;UK;golden pale ale;4.3;500;10/09/2020
549;Big brown;Wimbledon;;UK;lager;4.8;330;12/10/2020
557;Big brown;Wimbledon;;UK;pale ale;4.2;330;29/10/2020
496;Big brown;Buxton Brewery Jacob's Ladder;;UK;table beer;2.8;330;25/05/2020
719;Big brown;Buxton Brewery Ace Edge;;UK;IPA;6.8;330;18/09/2021
;Big brown;Kingfisher;1857;UK;lager;5;500;14/02/2014
559;Big brown;Kingfisher;1857;UK;lager;5;660;03/11/2020
;Big brown;Newcastle;1927;UK;brown ale;4.7;550;
440;Big brown;Newcastle;1927;UK;brown ale;4.7;550;06/01/2020
659;Big brown;Hobsons Pass the Smile;;UK;amber;4.1;500;27/06/2021
660;Big brown;Utopian;;UK;dunkel;5.4;440;29/06/2021
208;Big brown;Shepherd Neame;1698;UK;stout;5.2;500;29/07/2018
;Big brown;Bishop Finger;1958;UK;Kentish strong;5.4;500;16/03/2014
258;Big brown;Shepherd Neame;1698;UK;Christmas ale;7;500;01/12/2018
;Big brown;Master Brew;1698;UK;Kentish ale;4;500;
661;Big brown;Wild Card;;UK;table beer;2.7;500;30/06/2021
664;Big brown;Moor Claudia;2007;UK;wheat;4.5;330;03/07/2021
667;Big brown;Obsessed with Bru-1;;UK;pale ale;4.5;440;13/07/2021
552;Big brown;Wandle;;UK;best bitter;3.8;500;20/10/2020
675;Big brown;Thornbridge AM:PM;2005;UK;session IPA;4.5;330;12/08/2021
718;Big brown;Thornbridge Jaipur;2005;UK;IPA;5.9;330;13/09/2021
673;Big brown;Whitstable Bay;;UK;ruby ale;4.5;500;09/08/2021
720;Big brown;Whitstable Bay;;UK;pale ale;3.9;500;19/09/2021
721;Big brown;Shipyard;;UK;American IPA;5;500;19/09/2021
725;Big brown;The Cranborne Poacher;;UK;ruby ale;5.7;500;05/10/2021
726;Big brown;Bear Island;;UK;pale ale;4.8;500;12/10/2021
728;Big brown;Velocirapture;;UK;DIPA;8.5;500;18/10/2021
764;Big brown;Dark Star Hophead;;UK;golden ale;3.8;500;
736;Big brown;Wild IPA;;UK;IPA;5.2;500;29/10/2021
737;Big brown;Green Duck Remedy;;UK;session IPA;4;440;30/10/2021
744;Big brown;London Beer Factory Jungle Trip;;UK;NEPA;5.3;440;19/11/2021
741;Big brown;Fortnum's English Red Ale;;UK;red ale;4;500;13/11/2021
742;Big brown;Fortnum's Christmas Ale;;UK;Christmas ale;5;500;13/11/2021
743;Big brown;Fortnum's India Pale Ale;;UK;IPA;5;500;13/11/2021
745;Big brown;Fortnum's Pilsner;;UK;pilsner;5;330;22/11/2021
738;Big brown;Proper Job;1851;UK;IPA;5.5;500;31/10/2021
747;Big brown;Mena Dhu;1851;UK;stout;4.5;500;27/11/2021
748;Big brown;Tis the Saison;;UK;saison;5;330;30/11/2021
749;Big brown;Battle of Britain;;UK;amber ale;5;330;02/12/2021
1388;Big brown;Siren Fire & Stars;;UK;smoked porter;5.7;440;14/02/2024
562;Big brown;Siren Coldblooded;;UK;porter;5;440;08/11/2020
733;Big brown;Siren Flying Lanterns;;UK;red IPA;5.8;440;26/10/2021
765;Big brown;Siren Lumina;;UK;session IPA;4.2;440;19/01/2022
766;Big brown;Welsh Cake;;UK;stout;4.8;500;25/01/2022
798;Big brown;Samuel Smith Taddy Porter;;UK;porter;5;355;17/03/2022
834;Big brown;Fierce hazy IPA;;UK;hazy IPA;5;330;03/05/2022
836;Big brown;Orbit Hakata;;UK;pale ale;4.9;330;06/05/2022
837;Big brown;Grilla;;UK;hazy pale ale;5;330;06/05/2022
841;Big brown;Beavertown Heavy Gravity;;UK;hazy IPA;6.5;440;07/05/2022
842;Big brown;Platinum Jubilee Ale;;UK;ale;5;660;08/05/2022
844;Big brown;Portobello Star;;UK;amber ale;4.3;500;09/05/2022
846;Big brown;The Kernel;;UK;pale ale;5.4;330;11/05/2022
230;Big brown;The Duke of Dank;2013;UK;red IPA;6.3;330;08/09/2018
232;Big brown;End of Level Boss;;UK;double IPA;9.2;330;12/09/2018
1303;Big brown;Vocation Volumes Sprinkly & Squeeze;;UK;sour;4.2;440;21/10/2023
1038;Big brown;Strongbow red berries;;UK;cider;4.5;330;21/01/2023
1301;Big brown;Bulmers Red Berries & Lime;;UK;cider;4;500;21/10/2023
233;Big brown;Northern Monk Double Peanut Butter & Jelly;;UK;exactly what it says;10;330;12/09/2018
1033;Big brown;Northern Monk Jesus Christ he is massive;;UK;DDHIPA;7.2;440;16/01/2023
1070;Big brown;Northern Monk Festive Star;;UK;Christmas;5.2;440;09/02/2023
1249;Big brown;Northern Monk Deadbeat;;UK;DDHIPA;7.4;440;26/08/2023
1373;Big brown;Northern Monk The Prodigal Son;;UK;DIPA;8.2;440;20/01/2024
1374;Big brown;Northern Monk Fudge Sundaze;;UK;pastry stout;8.4;440;20/01/2024
1325;Big brown;Stormtrooper Sadow Stout;;UK;stout;6.6;330;15/11/2023
1329;Big brown;Stormtrooper Space Hopera;;UK;NEPA;6.6;330;25/11/2023
751;Big brown;Monkman's Slaughter;;UK;bitter;6;330;
;Green;Weihenstephaner;1040;DE;beer;5.4;500;
937;Green;Weihenstephaner Dunkel;1040;DE;dunkel;5.3;500;13/10/2022
1286;Green;Weihenstephaner Vitus;1040;DE;weizenbock;7.7;500;05/10/2023
642;Green;Altbayrisch;;DE;hell;4.9;500;30/04/2021
;Green;König Ludwig Dunkel;;DE;Dunkel;5.1;500;
;Green;König Ludwig Weißbier;;DE;weißbier;5.5;500;
;Green;Holsten;1879;DE;beer;5;500;
;Green;Holsten Weizen;1879;DE;weizen;5.4;500;
;Green;Natu;;DE;blonde;;500;
;Green;Schonbrunner;;DE;bier;5;500;30/03/2016
;Green;Berliner Kindl Pils;1872;DE;pilsner;4.8;500;07/12/2014
688;Green;Berliner Kindl Weisse;1872;DE;weißbier;3;500;27/08/2021
1085;Green;Berliner Kindl Bock;1872;DE;bock;7;500;18/02/2023
1086;Green;Berliner Kindl Bock Dunkel;1872;DE;bock;7;500;18/02/2023
;Green;Arcobräu;1567;DE;beer;;500;
244;Green;Vollbier;;DE;Meister;4.9;500;04/10/2018
195;Green;Meistersud;1616;DE;Festbier;5.8;500;15/06/2018
591;Green;Augsburger;1464;DE;Kellerbier;5.4;500;23/12/2020
245;Green;Paulaner Weißbier;1634;DE;weißbier;5.5;500;04/10/2018
;Green;Paulaner Hefe-Weißbier;1634;DE;dunkel weißbier;5.3;500;01/04/2013
501;Green;Paulaner Salvator;1634;DE;Doppelbock;7.9;330;02/06/2020
550;Green;Paulaner Oktoberfest Bier;1634;DE;Festbier;6;500;14/10/2020
685;Green;Paulaner Ur-Dunkel;1634;DE;Ur-Dunkel;4.9;500;24/08/2021
686;Green;Paulaner Münchner Hell;1634;DE;hell;5;500;26/08/2021
1361;Green;Paulaner Münchner Hell;1634;DE;hell;5;500;21/12/2023
;Green;Steinhäuser;;DE;lager;4.7;250;01/06/2015
;Green;Warsteiner;1753;DE;beer;4.8;330;
1144;Green;Warsteiner Radler;1753;DE;radler;2.5;330;16/04/2023
;Green;Edelmeister;;DE;pilsner;4.5;500;
;Green;Valentins;;DE;weißbier;5.3;500;
;Green;Perlenbacher;;DE;pilsner;4.9;500;09/12/2014
;Green;Perlenbacher;;DE;pilsner;4.9;330;
;Green;Schwaben Brau;1878;DE;Christmas Beer;;500;
;Green;Rheinbacher;;DE;pilsner;4.8;500;27/01/2016
183;Green;Kloster Scheyern Hell;1119;DE;"abbey; hell";5.4;500;18/05/2018
197;Green;Kloster Scheyern Dunkel;1119;DE;"abbey; dunkel";5;500;16/06/2018
184;Green;Aktien Zwick'l;1857;DE;kellerbier;5.3;500;20/05/2018
832;Green;Th. König Zwickl;1858;DE;kellerbier;5.3;330;30/04/2022
196;Green;Andechs Doppelbock Dunkel;1455;DE;;7.1;500;16/06/2018
668;Green;Andechs Weissbier Dunkel;1455;DE;weißbier;5;500;17/07/2021
789;Green;Andechs Spezial Hell;1455;DE;hell;5.9;500;01/03/2022
792;Green;Andechs Export Dunkel;1455;DE;lager;4.9;500;07/03/2022
905;Green;Andechs Bergbock Hell;1455;DE;bock;7;500;10/09/2022
252;Green;Riegele;1386;DE;kellerbier;5;500;10/11/2018
633;Green;Zoller-Hof;1845;DE;beer;5.5;500;10/04/2021
641;Green;Maisel's Weisse;1887;DE;weißbier;5.2;500;30/04/2021
315;Green;Beck's Amber Lager;;DE;"amber; lager";5.7;330;27/04/2019
317;Green;Beck's Pils;;DE;pils;6;330;01/05/2019
368;Green;Beck's Red Ale;;DE;red ale;4.5;330;31/08/2019
1290;Green;Beck's Gold;;DE;beer;4.9;500;07/10/2023
355;Green;Heidelberger;1753;DE;pilsner;4.8;500;08/08/2019
1032;Green;Clucking Hen;;DE;weißbier;4.7;330;16/01/2023
416;Green;Spezial Rauchbier;;DE;rauchbier;4.9;500;08/12/2019
417;Green;Maximator;;DE;beer;7.5;500;09/12/2019
422;Green;Mönchshof Kellerbier;;DE;kellerbier;5.4;500;14/12/2019
848;Green;Mönchshof Zwickl;;DE;zwickl;5.4;500;21/05/2022
850;Green;Mönchshof Märzen;;DE;märzen;5.5;500;25/05/2022
851;Green;Mönchshof Lager;;DE;lager;4.9;500;26/05/2022
922;Green;Mönchshof Bockbier;;DE;bock;6.9;500;01/10/2022
1283;Green;Mönchshof Natur Radler;;DE;radler;2.5;500;03/10/2023
634;Green;Bayreuther;;DE;hell;4.9;500;10/04/2021
902;Green;Schönramer Pils;1780;DE;pilsner;5;500;07/09/2022
545;Green;Büro Pilsener;1308;DE;pilsner;4.9;330;04/10/2020
546;Green;Büro Schwarz;1308;DE;dark;4.9;330;05/10/2020
547;Green;Büro Weizen;1308;DE;wheat beer;5.3;330;09/10/2020
565;Green;Beer Garden by Night;;DE;dunkel weißbier;5.5;330;19/11/2020
551;Green;Herzoglich Bayerisches Brauhaus Tegernsee;;DE;dunkel;5;500;16/10/2020
554;Green;Herzoglich Bayerisches Brauhaus Tegernsee;;DE;pilsner;5;330;21/10/2020
917;Green;La Speziale;;DE;sour;5;330;21/09/2022
921;Green;Spaten;;DE;hell;5.2;500;01/10/2022
570;Green;Augustiner Edelstoff;1328;DE;beer;5.6;500;29/11/2020
562;Green;Augustinerbräu München;1328;DE;lager;5.2;500;01/12/2020
575;Green;Früh;1904;DE;Kölsch;4.8;500;04/12/2020
1270;Green;Früh;1904;DE;Kölsch;4.8;500;17/09/2023
293;Green;Erdinger Dunkel;1886;DE;Dunkel;5.3;500;12/03/2019
452;Green;Erdinger Weißbier;1886;DE;weißbier;5.6;500;25/01/2020
599;Green;Erdinger Urweisse;1886;DE;weißbier;4.9;500;31/12/2020
558;Green;Lemke Berlin Spree Coast;;DE;IPA;6.9;355;30/10/2020
;Green;Krombacher Pils;1803;DE;pilsner;4.8;330;
;Green;Krombacher Dark;1803;DE;dark;4.3;500;01/07/2015
606;Green;Krombacher Weizen;1803;DE;weizen;5.3;500;14/01/2021
1133;Green;Krombacher Natur Radler;1803;DE;radler;2.5;500;09/04/2023
576;Green;Ayinger Lager Hell;;DE;"lager; hell";4.9;500;06/12/2020
682;Green;Ayinger Kellerbier;;DE;kellerbier;4.9;500;24/08/2021
683;Green;Ayinger Jahrhundert Bier;;DE;Jahrhundert;5.5;500;24/08/2021
1102;Green;Ayinger Altbeirisch Dunkel;;DE;dunkel;5;500;04/03/2023
1103;Green;Ayinger Frühlingsbier;;DE;frühlingsbier;5.5;500;04/03/2023
1110;Green;Ayinger Bräuweisse;;DE;weissber;5.1;500;13/03/2023
684;Green;Hofbräuhaus;1589;DE;helles vollbier;5.1;500;24/08/2021
687;Green;Hofbräu;1589;DE;beer;5.1;500;26/08/2021
758;Green;Craftwerk Hop Head;;DE;American IPA;8;330;31/12/2021
759;Green;Craftwerk Mad Callista;;DE;session lager;3.9;330;31/12/2021
1080;Green;Craftwerk Holy Cow;;DE;tripel;9;330;17/02/2023
1098;Green;Giesinger;;DE;beer;5.3;500;01/03/2023
771;Green;The Beast from the Sewer;;DE;beer;5.2;330;31/01/2022
777;Green;The Devil and the Maid;;DE;NEIPA;6.5;330;08/02/2022
881;Green;The great Abul Abbas;;DE;pale ale;5.2;330;14/08/2022
889;Green;Bahkauv Pils;;DE;pilsner;4.9;330;31/08/2022
772;Green;Cornelius-Bräu Opulentus;;DE;ale;9.2;330;01/02/2022
825;Green;Cornelius-Bräu Eligius;;DE;strong pale;7.5;330;16/04/2022
1150;Green;Cornelius-Bräu Sanctus;;DE;strong pale;7.7;330;26/04/2023
1305;Green;Cornelius-Bräu Fructus;;DE;flavoured;8;330;21/10/2023
776;Green;Charlemagne;;DE;duppelbock;8;330;07/02/2022
778;Green;Lennet;;DE;beer;5.2;330;09/02/2022
791;Green;Schlüssel;1850;DE;alt;5;330;05/03/2022
802;Green;Chleudert den purschen zu poden;;DE;stout;7;330;18/03/2022
;Green;Weltenburger Kloster Hefe-Weißbier;1050;DE;"abbey; wheat beer; hell";5.4;500;08/04/2017
198;Green;Weltenburger Kloster Urtyp;1050;DE;"abbey; urtyp; hell";4.9;500;17/06/2018
753;Green;Weltenburger Kloster Pils;1050;DE;"abbey; pilsner";4.9;500;17/12/2021
;Green;Edelweiss;;DE;weißbier;5.3;500;16/07/2014
813;Green;Huber Weisses;;DE;weißbier;5.4;500;06/04/2022
820;Green;Eifeler Landbier;;DE;landbier;5.1;500;13/04/2022
773;Green;Brauerei Mittenwald Hell;;DE;hell;4.7;500;05/02/2022
971;Green;Mühlen;1858;DE;Kölsch;4.8;330;10/11/2022
467;Green;Ureich;1679;DE;pilsner;4.9;500;20/02/2020
627;Green;Apostel;;DE;"weißbier; hell";5.3;500;27/03/2021
631;Green;Herrnbräu;;DE;weißbier;5.4;500;05/04/2021
852;Green;Bolten Ur-Alt;1266;DE;altbier;4.9;330;01/06/2022
864;Green;Eifelbräu Landbier;1817;DE;landbier;5;500;
769;Green;Sester Kölsch;1805;DE;beer;4.8;500;27/01/2022
770;Green;St. Olberg Kupfer Heimat;;DE;"amber; lager";5.2;330;31/01/2022
882;Green;Braukollektiv Jamie's Irish red ale;;DE;red ale;4.6;330;14/08/2022
884;Green;Lieber Waldi Waldi Geröllheimer;;DE;session IPA;3.5;330;16/08/2022
907;Green;Lieber Waldi Maibock;;DE;maibock;6.5;330;10/09/2022
887;Green;Wildwuchs Bock Orange;;DE;doppelbock;7.9;330;22/08/2022
1302;Green;Wildwuchs X-tra;;DE;imperial dark ale;8;330;21/10/2023
892;Green;Astra Rotlicht;1909;DE;amber;6;330;03/09/2022
923;Green;Astra Urtyp;1909;DE;lager;4.9;330;01/10/2022
1285;Green;Astra Kiezmisce;1909;DE;radler;2.5;330;05/10/2023
955;Green;Benediktiner Weissbier Dunkel;;DE;dunkel weißbier;5.4;500;29/10/2022
900;Green;Freigeist Room 19;;DE;beetroot;4;330;06/09/2022
1155;Green;Freigeist Room 1410;;DE;spiced pumpkin beer;6;330;01/05/2023
1406;Green;Freigeist Room 16;;DE;chestnut ale;6;330;11/03/2024
555;Green;Aecht Schlenkerla Urbock;;DE;rauchbier;6.5;500;26/10/2020
568;Green;Aecht Schlenkerla Märzen;;DE;rauchbier;5.1;500;28/11/2020
919;Green;Aecht Schlenkerla Weizen;;DE;rauchbier;5.2;500;22/09/2022
945;Green;Aecht Schlenkerla Eiche;;DE;doppelbock;8;500;22/10/2022
970;Green;Crew Republic Foundation 11;2011;DE;German pale ale;5.6;330;10/11/2022
1037;Green;Crew Republic In Your Face;2011;DE;WCIPA;6.8;330;18/01/2023
1242;Green;Crew Republic Local Hero;2011;DE;hell;5;330;19/08/2023
1293;Green;Crew Republic Drunken Sailor;2011;DE;IPA;6.4;330;10/10/2023
894;Green;Ratsherrn Rotbier;;DE;amber;5.2;330;03/09/2022
950;Green;Ratsherrn Moby Wit;;DE;weißbier;5.1;330;26/10/2022
824;Green;Straßenbräu Ampelrot;;DE;red lager;5.5;440;16/04/2022
904;Green;Straßenbräu Kaleidoskop;;DE;hazy IPA;6.7;440;08/09/2022
967;Green;Straßenbräu Wunderbär;;DE;German IPA;6;440;09/11/2022
1108;Green;Straßenbräu Peanut Butter Jelly Time;;DE;imperial brown ale;11;440;11/03/2023
979;Green;Bitburger;;DE;pilsner;4.8;100;24/11/2022
980;Green;Sion;;DE;Kölsch;4.8;100;24/11/2022
981;Green;Köstritzer;;DE;schwarzbier;4.8;100;24/11/2022
982;Green;Th. König Zwickl;;DE;weißbier;5.4;100;24/11/2022
983;Green;Benediktiner Weissbier;;DE;zwickl;5.3;100;24/11/2022
1389;Green;Dumme Nuss;;DE;peanut butter milk stout;6;330;15/02/2024
991;Green;Sidekick 2;;DE;"barrel aged; doppelbock";8.5;330;01/12/2022
995;Green;Lick here for 11 minutes of fame;;DE;IPA;6.7;440;03/12/2022
716;Green;Schneider Weisse Original;1872;DE;weißbier;5.4;500;11/09/2021
1035;Green;Schneider Weisse Aventinus;1872;DE;bock;8.2;500;16/01/2023
1237;Green;Schneider Weisse Kristall;1872;DE;weißbier;5.3;500;18/08/2023
;Green;Radeberger;1872;DE;pilsner;4.8;330;
194;Green;Rothaus Pils;;DE;pilsner;5.1;330;14/06/2018
767;Green;Rothaus Eiszäpfle;;DE;beer;5.6;330;26/01/2022
1099;Green;Max I. Joseph;1806;DE;beer;5.2;500;01/03/2023
1394;Green;Diebels Alt;1878;DE;altbier;4.9;330;02/03/2024
1081;Green;Lausitzer Porter;;DE;porter;4.4;500;17/02/2023
1082;Green;Lausitzer Kirsch Porter;;DE;porter;4.2;500;17/02/2023
899;Green;Shades of Orange #3;;DE;saison;4.5;330;06/09/2022
;Green;Schofferhofer;;DE;hefe weizen;5;500;27/05/2015
1087;Green;Berliner;;DE;pilsner;5;500;19/02/2023
1088;Green;Falkenfelser;;DE;pilsner;4.9;500;19/02/2023
1089;Green;Schultheiss;1842;DE;pilsner;5;500;19/02/2023
1093;Green;Keaksack;;DE;beer;5.2;330;27/02/2023
371;Green;Hacker Pschorr Münchner Gold;1417;DE;lager;5.5;500;07/09/2019
689;Green;Hacker Pschorr Münchner Hell;1417;DE;hell;4.9;500;27/08/2021
1109;Green;Löwenbräu;;DE;beer;5.2;500;11/03/2023
1115;Green;Schlösser Alt;1873;DE;altbier;4.8;500;18/03/2023
;Green;Bitburger;1817;DE;beer;4.8;500;04/02/2014
875;Green;Bitburger;1817;DE;beer;4.8;330;25/07/2022
1113;Green;Bitburger Radler;1817;DE;radler;2.5;330;15/03/2023
1133;Green;Bitburger Radler Naturüb;1817;DE;radler;2.5;330;08/04/2023
1112;Green;Bitburger Maibock;1817;DE;maibock;6.7;330;15/03/2023
926;Green;Pyraser Rotbier;;DE;amber;4.6;500;08/10/2022
1114;Green;Duckstein;;DE;weizen;4.9;500;15/03/2023
1163;Green;Gatz;;DE;altbier;4.8;500;13/05/2023
1126;Green;Dackel Hausbier Untergärig;;DE;beer;5.3;330;02/04/2023
1127;Green;Dackel Hausbier Obergärig;;DE;beer;5;330;06/04/2023
1128;Green;Dackel Pale Ale;;DE;pale ale;5.4;330;07/04/2023
1069;Green;Odin-Trunk;;DE;honey beer;5.4;500;09/02/2023
775;Green;Sudden Death Eat my Haze;;DE;NEIPA;7;440;06/02/2022
1154;Green;Sudden Death Savage;;DE;DDHDIPA;8.5;440;28/04/2023
1312;Green;Sudden Death Lübi Lite;;DE;lager;4.5;440;21/10/2023
1143;Green;Gurken Gose;;DE;gose;3.3;330;26/04/2023
1152;Green;Brlo Baltic Porter;;DE;porter;7;330;26/04/2023
1157;Green;Mahr's Bräu U;;DE;beer;5.2;500;05/05/2023
1160;Green;Mahr's Bräu Helles;;DE;hell;4.9;500;08/05/2023
;Green;Köstritzer;1543;DE;dark lager;4.8;330;25/12/2014
1170;Green;Kostritzer Kirsche;1543;DE;cherry;2.8;500;28/05/2023
774;Green;Aachener Landbier;;DE;red ale;5.3;330;06/02/2022
1193;Green;Karl's Helles;;DE;helles;4.8;330;07/07/2023
891;Green;Gaffel;;DE;Kölsch;4.8;330;03/09/2022
1182;Green;Gaffel;;DE;Kölsch;4.8;500;27/06/2023
1183;Green;Gaffel;;DE;Kölsch;4.8;500;27/06/2023
1184;Green;Gaffel;;DE;Kölsch;4.8;500;27/06/2023
1194;Green;Pülleken Helles;;DE;helles;5.2;330;07/07/2023
1195;Green;Reissdorf Kölsch;1894;DE;Kölsch;4.8;330;07/07/2023
1201;Green;Flensburger;;DE;pilsner;4.8;330;19/07/2023
1202;Green;Schreckenskammer;;DE;Kölsch;5;500;19/07/2023
1204;Green;Hasseröder;1872;DE;pilsner;4.9;500;26/07/2023
1208;Green;Rammstein;;DE;pilsner;4.9;500;03/08/2023
1228;Green;Furstlich Drehna Vicus;;DE;strong;7.4;330;07/08/2023
1231;Green;Oberdorfer Helles;;DE;hell;5;500;10/08/2023
1239;Green;Will-Bräu Malztrunk Alkoholfrei;1791;DE;weak shit;0.5;330;18/08/2023
1241;Green;Neumarkter Lammsbräu Alkoholfrei;1628;DE;weak shit;0.5;500;18/08/2023
1240;Green;Tilman's Die Dunkle;;DE;dunkel;5;500;18/08/2023
1343;Green;Moritz Fiege Radler;1878;DE;radler;2.5;330;09/12/2023
1236;Green;Oettinger Pils;1731;DE;pilsner;4.7;500;17/08/2023
1281;Green;Oettinger Export;1731;DE;beer;5.4;500;02/10/2023
1291;Green;Salitos Pink;;DE;beer;5;330;07/10/2023
543;Green;ABK Festbier;1308;DE;festbier;6;500;01/10/2020
544;Green;ABK Dunkel;1308;DE;dunkel;5;500;03/10/2020
566;Green;ABK Edel;1308;DE;edel;5.8;500;21/11/2020
1269;Green;Einbecker;1378;DE;ur-bock;6.5;330;17/09/2023
1271;Green;Zachte;;DE;pils;5;330;17/09/2023
1284;Green;Peters;;DE;Kölsch;4.8;330;05/10/2023
1287;Green;Beethoven;1997;DE;beer;5.9;330;06/10/2023
;Green;Grafenwalder;;DE;pilsner;4.5;500;
1299;Green;Franziskaner Weissbier;;DE;weißsber;5;500;20/10/2023
1309;Green;Gruthaus Stadtbier Münster 1480;;DE;gruit;5.7;330;21/10/2023
1311;Green;Nittenauer;;DE;pale ale;6.3;330;21/10/2023
1304;Green;Superfreunde Fruit Sour;;DE;sour;6.8;440;21/10/2023
1318;Green;True Brew Joyride;;DE;pale ale;5.2;330;28/10/2023
;Green;Riedenburger;1866;DE;beer;4.7;330;
1308;Green;Riedenburger Dolden Dark;1756;DE;porter;6.9;330;21/10/2023
1083;Green;Störtebeker Rogger-Weizen;;DE;red;5.4;500;17/02/2023
1084;Green;Störtebeker Schwarz-Bier;;DE;black;5;500;18/02/2023
1326;Green;Störtebeker Scotch-Ale;;DE;whisky beer;9;500;20/11/2023
1330;Green;Störtebeker Pilsner;;DE;pilsner;5.2;500;26/11/2023
968;Green;Zötler Korbinian Dunkel;1447;DE;dunkel;5.1;500;09/11/2022
935;Green;Schwarzer Steiger;;DE;black;5;500;11/10/2022
1333;Green;Insel-Brauerei Baltic Stout;;DE;stout;7.5;750;05/11/2023
1382;Green;Insel-Brauerei East Coast IPA;;DE;IPA;5.6;330;
1334;Green;Sclossbräu Rheder Perlenzauber;;DE;pale ale;5.8;330;01/12/2023
1335;Green;Käuzle;;DE;pilsner;5;330;02/12/2023
1336;Green;Kurpfalz Bräu;1732;DE;kellerbier;5.3;330;03/12/2023
1337;Green;Steamworks;;DE;IPL;5.8;330;04/12/2023
1338;Green;Erl;;DE;hell;5;330;05/12/2023
1339;Green;Sünden Bock;;DE;bock;7.3;330;06/12/2023
1340;Green;Ettl Bräu Jubiläumsweße;1543;DE;weißbier;5.2;330;07/12/2023
1341;Green;Weihnachts Grantler;;DE;beer;6;330;08/12/2023
1342;Green;Barre Winterier;;DE;amber;5.8;330;09/12/2023
1344;Green;Kerndl-Kini;1666;DE;beer;5.8;330;10/12/2023
1345;Green;Kaiser Export 1881;1881;DE;beer;5.6;330;11/12/2023
1346;Green;Alpirsbacher Klosterbräu;;DE;dunkel;5.2;330;12/12/2023
1347;Green;Schmucker;1780;DE;beer;5.2;330;13/12/2023
1348;Green;Scheider Weisse Origina;1872;DE;weißbier;5.4;330;14/12/2023
1349;Green;Distelhäuser;;DE;hell;4.9;330;15/12/2023
1350;Green;Klosterbräu Bamberger Rauchbier;1533;DE;rauchbier;5.3;330;15/12/2023
1351;Green;Camba WinterZauber;;DE;märzen;6;330;16/12/2023
1352;Green;Hohenthanner Schlossbrauerei;;DE;beer;5.6;330;16/12/2023
1353;Green;Gustl;1494;DE;hell;4.9;330;17/12/2023
1354;Green;Gaffel;;DE;Kölsch;4.8;330;17/12/2023
1355;Green;Rittmayer Pils;;DE;pilsner;5;330;18/12/2023
1356;Green;Ratsherrn;;DE;lager;4;330;18/12/2023
1357;Green;Falter Budderl;1896;DE;pilsner;4.9;330;19/12/2023
1358;Green;Ledenburger Bad Santa Xms Spcl;1789;DE;weizenbock;8;330;19/12/2023
952;Green;Weiherer Keller-Pils;;DE;kellerbier;4.9;500;26/10/2022
969;Green;Weiherer Urstöffla;;DE;dunkel;5.2;500;09/11/2022
984;Green;Weiherer Rauchbock;;DE;rauchbier;7;500;11/11/2022
1371;Green;Weiherer Rolator;;DE;doppelbock;8.8;500;20/01/2024
1101;Green;Flötzinger;1543;DE;hell;5;500;02/03/2023
1385;Green;Flötzinger Rosenheimer Märzen;1543;DE;Märzen;5.5;500;12/02/2024
1402;Green;Jacob Winter Gold;;DE;beer;5.3;500;11/03/2024
1403;Green;Hertl Opa's Liebling;;DE;kellerbier;4.9;330;11/03/2024
1405;Green;Côtes d'Armor;;DE;"barrel aged; Imperial stout";11;330;11/03/2024
283;Red;Walhalla Osiris;;NL;farm house ale;7;330;15/02/2019
1025;Red;B.O.R.I.S;;NL;Russian imperial stout;10.1;330;29/12/2022
992;Red;Bommen & Granaten;;NL;barley wine;11;330;01/12/2022
280;Red;Brouwerij 't Ij Columbus;;NL;amber;9;330;15/02/2019
282;Red;Brouwerij 't Ij Struis;;NL;barley wine;9;330;15/02/2019
286;Red;Brouwerij 't Ij Natte;;NL;double;6.5;330;15/02/2019
779;Red;Brouwerij 't Ij Chinook;;NL;amber ale;6;330;10/02/2022
781;Red;Brouwerij 't Ij Blondie;;NL;blonde;5.8;330;11/02/2022
782;Red;Brouwerij 't Ij Zatte Tripel;;NL;tripel;8;330;14/02/2022
785;Red;Brouwerij 't Ij Flink;;NL;pale ale;4.7;330;23/02/2022
793;Red;Brouwerij 't Ij Ijwit;;NL;wheat;6.5;330;08/03/2022
829;Red;Brouwerij 't Ij Paasij;;NL;lentebock;7;330;25/04/2022
870;Red;Brouwerij 't Ij Biri;;NL;lager;4.7;330;22/07/2022
915;Red;Brouwerij 't Ij Ijbok;;NL;bock;6.5;330;20/09/2022
920;Red;Brouwerij 't Ij Red IPA;;NL;red IPA;6;330;30/09/2022
990;Red;Brouwerij 't Ij Calypso;;NL;session IPA;4;330;28/11/2022
1005;Red;Brouwerij 't Ij Ijndejaars;;NL;Christmas Beer;9;330;13/12/2022
1125;Red;Brouwerij 't Ij Eldorado;;NL;lager;5.3;330;07/04/2023
1266;Red;Brouwerij 't Ij 't Gouden Ij;;NL;blonde;7.5;330;09/09/2023
338;Red;Heineken;1873;NL;lager;5;330;06/07/2019
339;Red;Heineken;1873;NL;lager;5;330;06/07/2019
342;Red;Heineken;1873;NL;lager;5;500;17/07/2019
343;Red;Heineken;1873;NL;lager;5;330;19/07/2019
344;Red;Heineken;1873;NL;lager;5;330;19/07/2019
345;Red;Heineken;1873;NL;lager;5;330;19/07/2019
346;Red;Heineken;1873;NL;lager;5;330;20/07/2019
347;Red;Heineken;1873;NL;lager;5;330;20/07/2019
348;Red;Heineken;1873;NL;lager;5;330;23/07/2019
349;Red;Heineken;1873;NL;lager;5;330;26/07/2019
350;Red;Heineken;1873;NL;lager;5;330;01/08/2019
357;Red;Heineken;1873;NL;lager;5;500;09/08/2019
359;Red;Heineken;1873;NL;lager;5;500;14/08/2019
360;Red;Heineken;1873;NL;lager;5;500;16/08/2019
362;Red;Heineken;1873;NL;lager;5;500;18/08/2019
366;Red;Heineken;1873;NL;lager;5;500;23/08/2019
375;Red;Heineken;1873;NL;lager;5;330;13/09/2019
376;Red;Heineken;1873;NL;lager;5;500;20/09/2019
;Red;Heineken;1873;NL;lager;5;500;
1314;Red;Heineken;1873;NL;lager;5;330;25/10/2023
1010;Red;Heineken Silver;;NL;lager;4;330;17/12/2022
783;Red;Kordaat;;NL;pilsner;4.8;330;17/02/2022
780;Red;Bronckhorster Angus tripel;2005;NL;tripel;8.5;330;10/02/2022
869;Red;Bronckhorster Eigenweiss;2005;NL;weizen;5;330;21/07/2022
;Red;Grolsch;1615;NL;beer;5;450;
201;Red;Grolsch;1615;NL;beer;5;450;
786;Red;Grolsch Winter Bok;1615;NL;winter ale;7.5;500;24/02/2022
787;Red;Grolsch Herfst Bok;1615;NL;autumn ale;6.6;500;26/02/2022
625;Red;Grolsch Weizen;1615;NL;weizen;5.1;500;25/03/2021
989;Red;Grolsch Gerijpte Herfstbok;1615;NL;bock;6.6;500;27/11/2022
1158;Red;Grolsch;1615;NL;beer;6.7;450;05/05/2023
1161;Red;Grolsch Tripel;1615;NL;tripel;8.3;450;09/05/2023
784;Red;Gulpener Spicy Roger;1825;NL;DIPA;8;330;19/02/2022
817;Red;Gulpener Op Stoom;1825;NL;steam beer;6;330;12/04/2022
821;Red;Gulpener Sterk Rogge Tripel;1825;NL;roggenbier;8.5;330;15/04/2022
822;Red;Gulpener Ijsbock;1825;NL;bock;10.3;330;15/04/2022
852;Red;Gulpener Ur-Weizen;1825;NL;weissber;5.3;330;22/05/2022
868;Red;Gulpener Oertarwe Blond;1825;NL;blonde;6.5;330;18/07/2022
893;Red;Gulpener Ur-Hop IPA;1825;NL;IPA;6;330;03/09/2022
911;Red;Gulpener Herfstbock;1825;NL;bock;6.5;330;15/09/2022
938;Red;Gulpener Ur-Pilsner;1825;NL;pilsner;5;330;14/10/2022
947;Red;Gulpener Korenwolf;1825;NL;wheat beer;5;330;24/10/2022
975;Red;Gulpener Pilsner;1825;NL;pilsner;5;330;19/11/2022
1003;Red;Gulpener Wintervrund;1825;NL;Christmas beer;8.5;330;11/12/2022
1138;Red;Gulpener Barrel Aged Jamaican Rum;1825;NL;barrel aged;12;330;12/04/2023
1143;Red;Gulpener Barrel Aged Whiskey Bourbon;1825;NL;barrel aged;12;330;16/04/2023
1200;Red;Gulpener Barrel Aged Gulle Tinus;1825;NL;barrel aged;12;330;18/07/2023
1370;Red;Gulpener Barrel Aged Calvados;1825;NL;barrel aged;12;330;18/01/2024
1142;Red;Gulpener Neubourg;1825;NL;pilsner;5.5;330;14/04/2023
1396;Red;Gulpener Blond;1825;NL;blonde;6.5;330;06/03/2024
806;Red;Two Chefs Brewing Bon Chef;;NL;NEIPA;5;330;26/03/2022
807;Red;Two Chefs Brewing Funky Falcon;;NL;pale ale;5.2;330;26/03/2022
808;Red;Two Chefs Brewing White Mamba;;NL;weißbier;5;330;27/03/2022
871;Red;Oedipus Thai Thai;;NL;spicy tripel;8;330;22/07/2022
872;Red;Oedipus País Tropical;;NL;session IPA;4.5;330;22/07/2022
932;Red;Oedipus País Tropical;;NL;IPA;5;330;09/10/2022
1095;Red;Oedipus Dorinku;;NL;weak shit;0.5;330;28/02/2023
800;Red;I've got friends in the music business blend 1;;NL;imperial Mexican stout;14;330;18/03/2022
831;Red;I've got friends in the music business blend 3;;NL;imperial Mexican stout;14;330;29/04/2022
826;Red;Down the rabbithole;;NL;imperial pastry stout;10;330;16/04/2022
901;Red;Event Horizon;;NL;imperial pastry stout;10;330;07/09/2022
903;Red;Operation Doomsday;;NL;NEDIPA;8.5;440;07/09/2022
906;Red;Andreas;;NL;tripel;8.5;330;10/09/2022
966;Red;It's buzzing all over;;NL;cold IPA;5.5;330;09/11/2022
1077;Red;Deer Hunter;;NL;Russian imperial stout;13.4;330;12/02/2023
1117;Red;Rhodesian;;NL;barley wine;11.3;330;25/03/2023
1294;Red;Rhodesian;;NL;barley wine;11.3;330;12/10/2023
886;Red;Katte Kwaad;;NL;amber ale;6;330;20/08/2022
895;Red;Brand IPA;1340;NL;IPA;7;300;04/09/2022
987;Red;Brand Bock;1340;NL;bock;7.5;300;26/11/2022
1106;Red;Brand Winter;1340;NL;winter ale;7.5;300;10/03/2023
1198;Red;Brand Blond;1340;NL;blonde;7.8;300;14/07/2023
1199;Red;Brand Weizer;1340;NL;weissber;5;300;17/07/2023
1171;Red;Brand Lente Bock;1340;NL;bock;6.5;300;30/05/2023
1252;Red;Brand Oud Bruin;1340;NL;sweet beer;3.5;300;28/08/2023
1187;Red;Amstel Radler;;NL;radler;2;330;30/06/2023
794;Red;Hertog Jan Traditioneel;;NL;pilsner;5.1;330;08/03/2022
827;Red;Hertog Jan Lentebock;;NL;bock;7.2;330;21/04/2022
873;Red;Hertog Jan Karakter;;NL;strong dark;7.5;330;24/07/2022
874;Red;Hertog Jan Weizener;;NL;weissber;5.7;330;25/07/2022
880;Red;Hertog Jan Tripel;;NL;tripel;8.5;330;12/08/2022
936;Red;Hertog Jan Bockbier;;NL;bock;6.5;330;12/10/2022
958;Red;Hertog Jan Grand Prestige;;NL;barley wine;10;330;01/11/2022
1002;Red;Hertog Jan Winterbier;;NL;Christmas beer;8.8;330;11/12/2022
1188;Red;Hertog Jan Grand Pilsenser;;NL;pilsner;5.7;330;01/07/2023
1058;Red;Zuyd Craft Saga;;NL;quadrupel;10;330;04/02/2023
1059;Red;Zuyd Craft Nova;;NL;blonde;8;330;04/02/2023
1061;Red;Apple Bandit Raspberry;;NL;cider;4.5;300;04/02/2023
1132;Red;Van Moll Opgebokt;;NL;doppelbock;7.6;330;08/04/2023
1134;Red;Kompaan Levensgenieter;;NL;NEIPA;4.5;330;09/04/2023
883;Red;Gouverneur blond;;NL;blonde;6.5;330;15/08/2022
1111;Red;Gouverneur Stout op Hout;;NL;stout;7.5;300;13/03/2023
1120;Red;Gouverneur Speciale 140;;NL;ale;5.5;300;27/03/2023
1146;Red;Gouverneur 3-granen Tripel;;NL;tripel;8.2;300;21/04/2023
1181;Red;Gouverneur Dubbel;;NL;dubbel;7.5;300;26/06/2023
1297;Red;Gouverneur Oaked Stout;;NL;oaked stout;7.5;300;18/10/2023
1144;Red;Lindeboom Saison;;NL;saison;5.8;300;25/04/2023
1298;Red;Lindeboom Bock;;NL;bock;7.1;300;18/10/2023
877;Red;Moersleutel Crank the Juice ;;NL;HIPA;5.5;440;27/07/2022
1148;Red;Moersleutel Motor Oil;;NL;Russian imperial stout;12;440;26/04/2023
1159;Red;Moersleutel Fruit Bomb;;NL;DIPA;8;440;07/05/2023
885;Red;Naeckte Saison;;NL;saison;5.8;330;20/08/2022
809;Red;Stadshaven Piranha Tripel;;NL;tripel;8.5;330;31/03/2022
912;Red;Stadshaven Kraken Blond;;NL;blonde;6;330;16/09/2022
914;Red;Stadshaven Bock Rammer;;NL;bock;7.8;330;18/09/2022
1129;Red;Juice Punch;;NL;NEIPA;5.8;330;08/04/2023
284;Red;St. Christoffel Tripel;;NL;tripel;8.5;330;15/02/2019
1121;Red;St. Christoffel W-IPA;;NL;WIPA;6.5;330;27/03/2023
1122;Red;St. Christoffel Blond;;NL;blonde;5.4;330;29/03/2023
1327;Red;Jopen Trinitas Tripel;;NL;tripel;9;330;25/11/2023
1328;Red;Jopen Bockbier;;NL;bock;6.5;330;25/11/2023
1333;Red;Jantje Van Sluis;;NL;special;8;330;01/12/2023
1367;Red;Brouwerij Kees Caramel Fudge Stout;;NL;imperial stout;11.5;330;14/01/2024
1123;Red;Uiltje Dr. Raptor;;NL;DIPA;8.2;330;30/03/2023
1376;Red;Uiltje Apfelstrudel;;NL;doppelbock;11;330;25/01/2024
1378;Chonky brown;Faxe;;DK;beer;5;1000;28/01/2024
1;Chonky brown;Tuborg Christmas Brew;1880;DK;Christmas Beer;5.6;500;
;Chonky brown;Tuborg;1880;DK;beer;4.6;500;
322;Chonky brown;Tuborg;1880;DK;beer;4.6;500;09/05/2019
1362;Chonky brown;Tuborg Christmas Brew;1880;DK;Christmas Beer;5.6;330;23/12/2023
710;Chonky brown;Tuborg Gold;1880;DK;lager;5;500;06/09/2021
;Chonky brown;Efes Dark;;TR;dark;5.5;330;
526;Chonky brown;Efes;;TR;pilsner;5;330;16/08/2020
;Chonky brown;Efes;;TR;pilsner;5;330;
;Chonky brown;Efes;;TR;pilsner;5;500;
332;Chonky brown;Super Bock;;PT;beer;5.2;330;20/06/2019
336;Chonky brown;Little Bichos;;PT;pale ale;4.5;330;29/06/2019
463;Chonky brown;Sagres;;PT;beer;5;330;15/02/2020
421;Chonky brown;Sagres Mini;;PT;beer;5;250;14/12/2019
246;Chonky brown;Brooklyn Defender IPA;;US;IPA;5.9;355;07/10/2018
540;Chonky brown;Brooklyn Bel Air Sour;;US;sour;4.5;355;25/09/2020
;Chonky brown;Samuel Adams;;US;lager;;355;
;Chonky brown;Budweiser;;US;lager;5;660;
1315;Chonky brown;Budweiser;;US;lager;5;330;25/10/2023
;Chonky brown;Birra Messina;;IT;beer;4.7;330;17/02/2017
327;Chonky brown;Birra Messina Cristalli di Sale;;IT;saltwater beer;5;330;14/06/2019
;Chonky brown;Menabrea;1846;IT;amber;5;330;07/07/2017
329;Chonky brown;Menabrea;1846;IT;beer;4.5;660;15/06/2019
210;Chonky brown;Birra Moretti alla Toscana;1859;IT;beer;5.5;500;02/08/2018
211;Chonky brown;Birra Moretti alla Siciliana;1859;IT;beer;5.8;500;02/08/2018
560;Chonky brown;Birra Moretti;1859;IT;lager;4.6;500;04/11/2020
;Chonky brown;Birra Moretti;1859;IT;lager;4.6;330;
482;Chonky brown;Birra Moretti;1859;IT;lager;4.6;660;29/03/2020
443;Chonky brown;Peroni Gran Riserva Puro Malto;1846;IT;blonde;5.2;330;13/01/2020
445;Chonky brown;Peroni Gran Riserva Doppio Malto;1846;IT;brown;6.6;330;18/01/2020
447;Chonky brown;Peroni Gran Riserva Rossa;1846;IT;amber;5.2;330;18/01/2020
;Chonky brown;Peroni;1846;IT;beer;;660;
354;Chonky brown;Peroni;1846;IT;beer;;330;05/08/2019
;Chonky brown;Peroni Doppio Malto;1846;IT;beer;;330;19/07/2017
403;Chonky brown;Peroni;1846;IT;beer;;330;09/11/2019
573;Chonky brown;Kirin Ichiban;;JP;lager;4.9;330;02/12/2020
;Chonky brown;Sapporo;1876;JP;beer;4.7;330;17/06/2015
1295;Chonky brown;Sapporo;1876;JP;beer;4.7;330;14/10/2023
;Chonky brown;Tsingtao;1903;CN;beer;4.7;660;
225;Chonky brown;Tsingtao;1903;CN;lager;4.7;330;02/09/2018
;Chonky brown;Guinness;1759;IE;stout;5;500;
;Chonky brown;Guinness West Indies;1759;IE;porter;6;500;
449;Chonky brown;Guinness;1759;IE;stout;5;330;21/01/2020
464;Chonky brown;Guinness foreign extra;1759;IE;stout;5;330;15/02/2020
1196;Chonky brown;Kilkenny;;IE;red ale;4.3;330;07/07/2023
;Chonky brown;Old Mout passionfruit & apple;1947;NZ;cider;4;500;
207;Chonky brown;Old Mout kiwi & lime;1947;NZ;cider;4;500;28/07/2018
840;Chonky brown;Old Mout watermelon & lime;1947;NZ;cider;4;500;07/05/2022
845;Chonky brown;Old Mout pineapple & raspberry;1947;NZ;cider;4;500;10/05/2022
1074;Chonky brown;Old Mout summer berries;1947;NZ;cider;4;500;11/02/2023
;Chonky brown;Mac-Mahon;;MZ;beer;4.5;330;10/03/2018
363;Chonky brown;A Tout le Monde;;CA;ale;4.5;341;18/08/2019
212;Chonky brown;La Fin du Monde;;CA;tripel;9;341;04/08/2018
358;Chonky brown;Maudite;;CA;double;8;341;11/08/2019
299;Chonky brown;Lapin Kulta;;FI;lager;5.2;330;28/03/2019
994;Chonky brown;Den Haag;;US;"barrel aged; ale";16.8;250;02/12/2022
1090;Chonky brown;Beard Fiction;;AU;APA;5;375;22/02/2023
1238;Chonky brown;Cranberry Fudgesickle;;FI;pastry sour;7;330;18/08/2023
1096;Chonky brown;Alpha Tier;;AT;NEIPA;5.6;330;28/02/2023
;Chonky brown;Gösser;1860;AT;beer;5.3;500;
1289;Chonky brown;Gösser Natur Radler;1860;AT;radler;2;500;07/10/2023
756;Chonky brown;Carlsberg;1847;DK;beer;5;500;24/12/2021
;Chonky brown;Carlsberg;1847;DK;beer;5;330;
1014;Chonky brown;Carlsberg Luma;;DK;lager;5.2;330;23/12/2022
318;Chonky brown;Angelo Poretti 4;1877;IT;lager;5;330;01/05/2019
483;Chonky brown;Maledetta;;IT;amber;6.2;330;16/04/2020
341;Chonky brown;Ichnusa;;IT;beer;4.7;330;
476;Chonky brown;Rossini;;IT;lager;5.1;500;01/03/2020
314;Chonky brown;Primator EPA;1872;CZ;EPA;5;500;26/04/2019
380;Chonky brown;Estrella Damm;1876;ES;lager;5.4;330;27/09/2019
614;Chonky brown;Estrella Galicia;;ES;lager;5.5;330;10/02/2021
1100;Chonky brown;Oni;;ES;CIPA;7.8;440;01/03/2023
;Chonky brown;San Miguel;1957;ES;beer;5;500;
;Chonky brown;San Miguel;;ES;beer;5;500;
;Chonky brown;Budweiser Budvar;;CZ;lager;5;330;
303;Chonky brown;Budweiser Budvar;;CZ;lager;5;330;05/04/2019
1232;Chonky brown;Budweiser Budvar;;CZ;lager;5;500;11/08/2023
434;Chonky brown;Baltika 7;;RU;beer;5.4;450;31/12/2019
435;Chonky brown;Baltika 5;;RU;blonde;5.3;450;31/12/2019
306;Chonky brown;Chang;;TH;beer;5.2;330;06/04/2019
381;Chonky brown;Singha;1933;TH;lager;5;330;28/09/2019
390;Chonky brown;Moosehead Lager;1867;CA;lager;5;350;11/10/2019
529;Chonky brown;Moosehead Pale Ale;1867;CA;pale ale;5;341;22/08/2020
441;Chonky brown;Cesu;1590;LV;amber;5.2;568;11/01/2020
410;Chonky brown;Dragon Stout;1920;JM;stout;7.5;284;27/11/2019
457;Chonky brown;Pacifico;;MC;beer;4.5;355;06/02/2020
420;Chonky brown;Cucapa Dorada;;MX;helles;4.5;355;14/12/2019
446;Chonky brown;Modelo;1925;MX;beer;4.5;355;18/01/2020
;Chonky brown;1795;;CZ;lager;4.7;500;
;Chonky brown;Bernard;1597;CZ;beer;5;500;26/04/2014
;Chonky brown;Staropramen;1869;CZ;beer;5;500;
;Chonky brown;Staropramen Dark;1869;CZ;dark;4.4;330;19/04/2017
;Chonky brown;Lech;;PL;beer;4.8;500;
;Chonky brown;Tyskie;1629;PL;beer;5.2;500;
458;Chonky brown;Łomza;;PL;beer;5.7;500;07/02/2020
461;Chonky brown;Namysłów;;PL;pilsner;6;500;12/02/2020
353;Chonky brown;Zubr;1768;PL;beer;6;500;04/08/2019
671;Chonky brown;Browar Amber Apa;1994;PL;APA;5.2;500;03/08/2021
722;Chonky brown;Browar Amber Koźlak;1994;PL;amber;6.5;500;20/09/2021
723;Chonky brown;Browar Amber Johannes;1994;PL;pilsner;6.5;500;26/09/2021
724;Chonky brown;Browar Amber Złote Lwy;1994;PL;lager;5.6;500;03/10/2021
459;Chonky brown;Carullo;;ES;beer;4.8;500;11/02/2020
;Chonky brown;Kopparberg;1882;SE;cider;4.5;500;
231;Chonky brown;Topical Bitch;;US;Belgian IPA;8;330;08/09/2018
1257;Chonky brown;Kozel Lager;1874;CZ;pilsner;4.6;330;31/08/2023
731;Chonky brown;Kozel Ležák;1874;CZ;pilsner;4.6;568;26/10/2021
750;Chonky brown;Kozel Černý;1874;CZ;dark lager;3.8;568;07/12/2021
468;Chonky brown;Lagunitas;;US;ale;7.5;355;21/02/2020
470;Chonky brown;Trump;2014;UA;lager;7.2;330;22/02/2020
495;Chonky brown;Kona Longboard;;US;lager;4.6;355;24/05/2020
514;Chonky brown;Kona Hanalei;;US;IPA;4.5;355;11/07/2020
927;Chonky brown;Kona Big Wave;;US;golden ale;4.4;355;08/10/2022
548;Chonky brown;Sierra Nevada;;US;pale ale;5.6;355;10/10/2020
1310;Chonky brown;Sierra Nevada Hoptimum;;US;TIPA;11;355;21/10/2023
1386;Chonky brown;Sierra Nevada Sunny Little Thing;;US;citrus wheat ale;5;355;12/02/2024
499;Chonky brown;Einstök;1939;IS;pale ale;5.6;330;30/05/2020
525;Chonky brown;Einstök Ölgerd;1939;IS;porter;6;330;17/08/2020
498;Chonky brown;Moritz Epidor;1856;ES;pilsner;7.2;330;27/05/2020
535;Chonky brown;Moritz;1856;ES;lager;5.4;330;16/09/2020
524;Chonky brown;Dixie;;US;lager;4.5;330;12/08/2020
;Chonky brown;Mithra;;IT;Irish red ale;5.5;330;09/06/2018
1251;Chonky brown;Bevog Kramah;;AT;IPA;6.5;330;28/08/2023
536;Chonky brown;Captain Lawrence Lager;2006;US;lager;4.2;355;20/09/2020
537;Chonky brown;Captain Lawrence Effortless;2006;US;grapefruit IPA;4.5;355;20/09/2020
539;Chonky brown;I hope this pale ale finds you well;;US;pale ale;5;355;23/09/2020
541;Chonky brown;Ye olde stout will never go out of style;;US;stout;5.4;355;26/09/2020
538;Chonky brown;Newburgh Brown Ale;;US;brown ale;4.5;355;22/09/2020
542;Chonky brown;Newburgh Nano Boss;;US;session IPA;4.5;355;27/09/2020
517;Chonky brown;O'Hara's White Haze IPA;;IE;IPA;5;330;21/07/2020
563;Chonky brown;Nitro;;PL;milk stout;5.7;330;16/11/2020
522;Chonky brown;O'Hara's Leann Folláin;;IE;Irish stout;6;330;06/08/2020
564;Chonky brown;Kveik;;HR;session IPA;4.2;330;17/11/2020
;Chonky brown;Pilsner Urquell;1842;CZ;beer;4.4;500;
;Chonky brown;Mythos;;GR;lager;5;500;
611;Chonky brown;Miller;;US;beer;4.7;355;03/02/2021
658;Chonky brown;Eureka;;HU;lager;4.5;330;24/06/2021
617;Chonky brown;The Crafty Brewing Company Irish Lager;;IE;lager;5;500;02/03/2021
619;Chonky brown;The Crafty Brewing Company Irish Red Ale;;IE;red ale;4.1;500;11/03/2021
621;Chonky brown;The Crafty Brewing Company Irish Stout;;IE;stout;4.5;500;17/03/2021
653;Chonky brown;The Crafty Brewing Company Stout;;IE;stout;4.5;500;07/06/2021
711;Chonky brown;Amundsen Apocalyptic Thunder Juice;;NO;hazy IPA;6.5;330;07/09/2021
843;Chonky brown;Amundsen Everyday Hero;;NO;NWIPA;4.7;330;08/05/2022
943;Chonky brown;Amundsen Double Apocalypse;;NO;DIPA;8.5;330;22/10/2022
944;Chonky brown;Amundsen Ink & Dagger;;NO;IPA;6.5;330;22/10/2022
690;Chonky brown;Pöide Kena;;EE;ale;5.3;330;28/08/2021
694;Chonky brown;Pöide Hernesaks;;EE;lager;3.5;330;29/08/2021
692;Chonky brown;Valmiermuiža Gaišais;1764;LV;amber;5.2;500;28/08/2021
691;Chonky brown;Õllenaut;;EE;amber ale;5.6;330;28/08/2021
696;Chonky brown;Solar Nebula;;EE;session IPA;4.5;330;30/08/2021
803;Chonky brown;Pühaste Mr. Ronk;;EE;porter;9;330;
693;Chonky brown;Pühaste Suvi;;EE;hazy pale ale;4.5;330;28/08/2021
698;Chonky brown;Pühaste Vulin;;EE;session IPA;4.6;330;30/08/2021
699;Chonky brown;Pühaste Madame Butterfly;;EE;amber ale;6;330;30/08/2021
700;Chonky brown;Slava;;EE;beer;5;330;30/08/2021
697;Chonky brown;Tõmmu Hiid;1936;EE;beer;4.7;500;30/08/2021
701;Chonky brown;Viikingi Karje;;EE;tripel IPA;10.5;330;31/08/2021
703;Chonky brown;Alexander;1826;EE;lager;5.2;500;31/08/2021
704;Chonky brown;A. LeCoq;1807;EE;pilsner;4.2;500;31/08/2021
702;Chonky brown;Põhjala Uus Maailm;;EE;session IPA;4.7;330;31/08/2021
705;Chonky brown;Põhjala Õhtu;;EE;porter;5.5;330;31/08/2021
727;Chonky brown;Põhjala Kosmos;;EE;NE IPA;5.5;330;16/10/2021
1145;Chonky brown;Põhjala Öö;;EE;imperial baltic porter;10.5;330;18/04/2023
1151;Chonky brown;Põhjala Õunaraks;;EE;sour ale;4.2;330;26/04/2023
1227;Chonky brown;Põhjala Must Kuld;;EE;porter;7.8;330;07/08/2023
708;Chonky brown;People's Bulldog;1995;SE;IPA;3.5;330;04/09/2021
712;Chonky brown;Wisby Pils;1995;SE;pilsner;5;330;08/09/2021
706;Chonky brown;Mariestads;1848;SE;lager;3.5;330;02/09/2021
707;Chonky brown;Nils Oscar;;SE;lager;5.3;330;03/09/2021
709;Chonky brown;Jämtlands Bärnsten;1996;SE;lager;3.5;330;04/09/2021
713;Chonky brown;Eriksberg;1864;SE;beer;5.3;500;08/09/2021
714;Chonky brown;Swedish Elk Brew;;SE;beer;7.5;330;09/09/2021
715;Chonky brown;Luma Pils;;SE;pilsner;5;330;09/09/2021
717;Chonky brown;Slupp;1888;FO;beer;5.8;330;11/09/2021
1307;Chonky brown;Föroya Bjór Green Islands Stout;;FO;stout;5.8;330;21/10/2023
695;Chonky brown;Nudist Reimo;;EE;pilsner;5;330;29/08/2021
732;Chonky brown;Allagash Curieux;;US;barrel-aged;10.2;355;26/10/2021
739;Chonky brown;Mukuzani;;GE;red wine;12.5;750;02/11/2021
752;Chonky brown;Samichlaus;;AT;strong;14;330;14/12/2021
730;Chonky brown;Cosmic Pyrokinesis;;US;hazy IPA;6.7;473;22/10/2021
674;Chonky brown;Tusker;;KE;lager;4.2;500;10/08/2021
839;Chonky brown;Daura Damm;1876;ES;gluten-free lager;5.4;330;07/05/2022
946;Chonky brown;New York Mocaccino;;HU;milk stout;6.6;440;24/10/2022
949;Chonky brown;Mango Bay;;HU;pale ale;5.2;440;26/10/2022
838;Chonky brown;Orbital Movement;;DK;hazy IPA;6;440;07/05/2022
916;Chonky brown;Gravitational Collapse;;LU;stout;5.8;330;21/09/2022
847;Chonky brown;Pour some beer on me;;CZ;triple IPA;11;330;13/05/2022
863;Chonky brown;Bintang;;ID;pilsner;4.7;330;04/07/2022
473;Chonky brown;Brahma;1888;BR;lager;4.3;330;25/02/2020
951;Chonky brown;Mikkeler San Diego Tumble Dry Low;;US;IPA;7.5;473;26/10/2022
956;Chonky brown;Neon Beast;;FI;citra NEIPA;6.5;440;29/10/2022
957;Chonky brown;Pandemic Super Special;;SI;double NEIPA;8;330;29/10/2022
866;Chonky brown;Casablanca;;MA;beer;5;330;09/07/2022
867;Chonky brown;Flag Speciale;;MA;beer;5.2;250;15/07/2022
337;Chonky brown;Bourbon;1962;RE;beer;5;330;02/07/2019
308;Chonky brown;Hinano;;FP;beer;5;330;09/04/2019
334;Chonky brown;Phoenix;;MU;beer;5;330;26/06/2019
335;Chonky brown;Corsaire;;GP;blonde;5.4;330;27/06/2019
1071;Chonky brown;Prancing Pony Magic Carpet Ride;;AU;imperial stout;9;375;09/02/2023
1072;Chonky brown;Tanker Nihiru;;EE;"barrel aged; ryewine";10.5;330;09/02/2023
1177;Chonky brown;Cass;;KR;beer;4.5;330;16/06/2023
1034;Chonky brown;Basqueland Berry Cobbler;;SP;fruited pastry sour;6.5;440;16/01/2023
454;Chonky brown;Michelob;;US;beer;3.5;330;30/01/2020
439;Chonky brown;Anchor;1896;US;lager;4.9;355;06/01/2020
1229;Chonky brown;Anchor Liberty Ale;1896;US;ale;5.9;355;07/08/2023
1261;Chonky brown;Kamenitsa;1881;BG;beer;4.4;500;03/09/2023
1263;Chonky brown;Shumensko Spetzialno Urban Legends Gabrovo;;BG;beer;5.3;330;05/09/2023
1264;Chonky brown;Shumensko Spetzialno Urban Legends Sozopol;;BG;beer;5.3;330;05/09/2023
1364;Chonky brown;Shumensko;;BG;beer;5.3;500;24/12/2023
1366;Chonky brown;Iso Kalla's Big Wave;;FI;IPA;5.5;330;14/01/2024
1372;Chonky brown;So Much Stupid in this Fucking World;;ES;fruited gose;6;375;20/01/2024
1375;Chonky brown;Green Gold Cashmere;;SI;beer;6;330;20/01/2024
1397;Chonky brown;Bloody Vlad;;LU;BBRBCHLIPA;6.7;440;08/03/2024
1306;Chonky brown;Lervig Supersonic Down Under;;NO;DDHDIPA;8.4;500;21/10/2023
1404;Chonky brown;Stoup Mosaic;;US;pale ale;5.3;473;08/03/2024
1407;Chonky brown;Horizon Selfish Games;;HU;HDIPA;8;330;11/03/2024
1399;Chonky brown;Lervig Naughty & Nice;;NO;doppelbock;8;330;09/03/2024
1316;Chonky brown;Calibier Avalanche;;FR;wheat;5;330;26/10/2023
1317;Chonky brown;Seventy One;;FR;amber;5.6;750;27/10/2023
1319;Chonky brown;Demi de Mêlée;;FR;blonde;5.9;330;28/10/2023
1273;Chonky brown;Glory Booster;2012;FR;NEIPA;6;330;26/09/2023
1276;Chonky brown;Mademoiselle Jalouse;2012;FR;milkshake framboise;6.5;330;27/09/2023
1277;Chonky brown;Wel Scotch;1958;FR;smoky;6.2;330;29/09/2023
;Chonky brown;Adelscott;;FR;smoky;5.8;330;29/09/2023
;Chonky brown;Gallia Nouveau Western;1890;FR;WCIPA;6;330;29/09/2023
310;Chonky brown;Kronenbourg;1664;FR;beer;5.5;250;20/04/2019
319;Chonky brown;Kronenbourg Blanc;1664;FR;white;5;330;04/05/2019
1176;Chonky brown;Kronenbourg;1664;FR;beer;5.5;250;10/06/2023
1178;Chonky brown;Astrolabe;;FR;NZDIPA;8.4;440;22/06/2023
1288;Chonky brown;Bebe tigre;;FR;SPA;4;330;
1179;Chonky brown;Oeil de Verre;;FR;lager;4.4;330;24/06/2023
1180;Chonky brown;Liquid Sunshine;;FR;pale ale;5;330;25/06/2023
1168;Chonky brown;Battle Chope;;FR;smoky amber;6;330;23/05/2023
1169;Chonky brown;Liberty Road;;FR;ale;6;330;24/05/2023
1189;Chonky brown;Wendy Belle;;FR;amber ale;6;330;02/07/2023
1192;Chonky brown;Pretty Dolly;;FR;blonde;6;330;05/07/2023
1185;Chonky brown;D-Day Landing Beaches;;FR;beer;5.5;330;28/06/2023
1063;Chonky brown;Desperados Mojito;;FR;tequila beer;5.9;330;04/02/2023
1065;Chonky brown;Desperados;;FR;tequila beer;5.9;330;05/02/2023
1203;Chonky brown;Lillet;;FR;lillet;10;200;21/07/2023
242;Chonky brown;Pietra Ambrée;;FR;amber;6;330;29/09/2018
261;Chonky brown;Pietra Rossa;;FR;red;6.5;330;13/12/2018
1048;Chonky brown;Pietra Blanche;;FR;weißbier;5;330;24/01/2023
1164;Chonky brown;Burgindia;;FR;IPA;5.7;750;14/05/2023
1165;Chonky brown;Velosophe;;CH;pale lager;4.9;330;19/05/2023
1044;Chonky brown;Anosteké Blonde;;FR;blonde;8;330;24/01/2023
1045;Chonky brown;Anosteké IPA;;FR;IPA;6;330;24/01/2023
1052;Chonky brown;L.B.F. Blonde;;FR;SIPA;4;330;28/01/2023
1053;Chonky brown;L.B.F. Blanche;;FR;weißbier;4.5;330;28/01/2023
1076;Chonky brown;L.B.F. IPA;;FR;IPA;5;330;12/02/2023
1054;Chonky brown;Bärni;;CH;dunkel;5.2;330;29/01/2023
1055;Chonky brown;Bärner Junker;;CH;hell;5.2;330;29/01/2023
1056;Chonky brown;Bärner Müntschi;;CH;naturtrüb;4.8;330;29/01/2023
1051;Chonky brown;Febris;2019;CH;"abbey; amber";5.15;330;27/01/2023
1075;Chonky brown;Lumen;2019;CH;"abbey; blonde";3.9;330;12/02/2023
254;Chonky brown;Fischer Trois Houblons;;FR;3 hops;7.2;650;
290;Chonky brown;Fischer Tradition;;FR;beer;6;650;22/02/2019
301;Chonky brown;Fischer Doreleï;;FR;blonde;6.3;650;02/04/2019
309;Chonky brown;Fischer La Belle Mira;;FR;flavoured;5.8;650;13/04/2019
680;Chonky brown;Fischer Ambrée Doreleï;;FR;amber;6.3;650;22/08/2021
1047;Chonky brown;Fischer Blonde;;FR;blonde;6;650;24/01/2023
250;Chonky brown;Page 24;;FR;tripel;7.9;750;26/10/2018
298;Chonky brown;Page 24;;FR;blonde;6.9;750;27/03/2019
172;Chonky brown;BAS Ambrée;;FR;amber;4.5;750;27/03/2018
179;Chonky brown;BAS Noire;;FR;brown;4;750;01/05/2018
182;Chonky brown;BAS Blonde;;FR;blonde;4.8;750;16/05/2018
858;Chonky brown;BAS Ambrée;;FR;amber;4.5;330;01/07/2022
860;Chonky brown;BAS Blonde;;FR;brown;4.8;330;01/07/2022
861;Chonky brown;BAS Blanche;;FR;wheat;5;330;01/07/2022
260;Chonky brown;BAS Bière d'hiver;;FR;Christmas beer;6;750;12/12/2018
192;Chonky brown;Thomas Beckett;;FR;amber;6.5;750;
296;Chonky brown;Abbaye de Lyre;;FR;blonde;6.5;750;22/03/2019
190;Chonky brown;Brasserie du Mont Blanc;1839;CH;amber;;750;
186;Chonky brown;Secret des Moines;;FR;abbey tripel;8;750;
274;Chonky brown;Grain d'orge;;FR;Christmas beer;;330;05/02/2019
271;Chonky brown;Léman Bière de Noël;2009;FR;Christmas beer;6.8;750;12/01/2019
269;Chonky brown;Léman Ambrée;2009;FR;amber;4.8;330;08/01/2019
270;Chonky brown;Léman Brune;2009;FR;brown;5.5;330;11/01/2019
273;Chonky brown;Léman Blonde;2009;FR;blonde;5.5;330;27/01/2019
469;Chonky brown;Léman Blanche;2009;FR;wheat;5;330;21/02/2020
1313;Chonky brown;Brasseurs Savoyards Ambrée;;FR;amber;7;330;22/10/2023
220;Chonky brown;Brasseurs Savoyards Ambrée;;FR;amber;7;330;22/08/2018
221;Chonky brown;Brasseurs Savoyards Blonde;;FR;blonde;5;330;24/08/2018
223;Chonky brown;Brasseurs Savoyards Brune;;FR;brown;7;330;27/08/2018
236;Chonky brown;Brasseurs Savoyards Genepi;;FR;wormwood beer;5;330;15/09/2018
240;Chonky brown;Brasseurs Savoyards Blanche;;FR;wheat beer;5;330;23/09/2018
241;Chonky brown;Brasseurs Savoyards Myrtille;;FR;myrtille beer;5;330;24/09/2018
272;Chonky brown;Colomba Blanche;;FR;wheat beer;5;330;20/01/2019
437;Chonky brown;Colomba Rosée;;FR;flavoured;4.5;330;01/01/2020
1049;Chonky brown;Malt Capone;;CH;white choco stout;7;330;27/01/2023
1050;Chonky brown;bdl;;CH;beer;5.5;330;27/01/2023
1042;Chonky brown;Gallia;1890;FR;blonde unfiltered;5.8;750;24/01/2023
;Chonky brown;Cardinal;1788;CH;lager;4.8;330;01/04/2015
1175;Chonky brown;Cardinal;1788;CH;lager;4.8;330;08/06/2023
275;Chonky brown;G de Goudale;;FR;beer;7.9;330;06/02/2019
276;Chonky brown;La Goudale IPA;;FR;IPA;5;330;08/02/2019
277;Chonky brown;La Goudale Ambrée;;FR;amber;7.2;330;10/02/2019
;Chonky brown;La Goudale;;FR;abbey;6;750;25/11/2016
173;Chonky brown;La Goudale Ambrée;;FR;amber;7.2;750;08/04/2018
879;Chonky brown;Kurt;;CH;APA;4.5;330;09/08/2022
1331;Chonky brown;Dude;;CH;IPA;7.1;330;27/11/2023
312;Chonky brown;Petrolette;;FR;blonde;5;330;23/04/2019
942;Chonky brown;Super Moine;;FR;amber;5;330;21/10/2022
311;Chonky brown;La Bière du Demon;;FR;beer;12;330;22/04/2019
941;Chonky brown;Valaisanne Lager;;CH;lager;4.8;330;19/10/2022
297;Chonky brown;Abbaye de St. Bertin;1845;FR;abbey;6.2;250;23/03/2019
292;Chonky brown;Waldbergem;;FR;;6.2;250;06/03/2019
330;Chonky brown;La Bête;;FR;beer;8;330;19/06/2019
331;Chonky brown;La Bête Blanche;;FR;white;5.2;330;19/06/2019
333;Chonky brown;Brasserie Gessienne Ambrée Triple;;FR;amber;7;330;22/06/2019
340;Chonky brown;Brasserie Gessienne Blonde;;FR;blonde;6;330;06/07/2019
365;Chonky brown;Lasoraptor;;CH;Imperial IPA;12;330;22/08/2019
325;Chonky brown;Dr. Gab's;2001;CH;tripel;8;330;24/05/2019
188;Chonky brown;Abbatiale;;FR;tripel;7;330;01/06/2018
351;Chonky brown;Feldschlosschen;1876;CH;beer;4.8;250;02/08/2019
;Chonky brown;Feldschlosschen Dunkle;1876;CH;Dunkel;5.5;330;30/05/2015
1046;Chonky brown;Feldschlosschen;1876;CH;beer;4.8;330;24/01/2023
352;Chonky brown;Boxer Edition;;CH;brown;5.2;330;02/08/2019
423;Chonky brown;Boxer Edition;;CH;American Zwickel;5.2;330;16/12/2019
424;Chonky brown;Calvinus Blanche;;CH;wheat;5.2;330;16/12/2019
425;Chonky brown;Calvinus Blonde;;CH;blonde;5.2;330;17/12/2019
367;Chonky brown;Abbaye de Vauclair Imperiale;;FR;blonde;7.5;750;30/08/2019
373;Chonky brown;Abbaye de Vauclair;;FR;blonde;6.5;750;12/09/2019
581;Chonky brown;Abbaye de Vauclair Imperiale;;FR;blonde;7.5;750;11/12/2020
857;Chonky brown;La Charnue IPA;;FR;IPA;5.5;330;01/07/2022
862;Chonky brown;La Charnue Blonde;;FR;blonde;6.8;330;01/07/2022
678;Chonky brown;La Charnue tripel;;FR;tripel;8;330;16/08/2021
679;Chonky brown;La Charnue;;FR;blonde;6.8;750;18/08/2021
676;Chonky brown;Bleu Métal;;FR;blonde;6.5;330;15/08/2021
681;Chonky brown;La Baguette;;FR;blonde;5.6;750;23/08/2021
1316;Chonky brown;La Baguette Ambrée;;FR;aber;4.5;330;28/10/2023
222;Chonky brown;3 Monts;;FR;beer;8.5;750;26/08/2018
460;Chonky brown;Sainte Etienne;;FR;lager;5;750;11/02/2020
295;Chonky brown;Bière de Garde;1926;FR;beer;6;750;21/03/2019
249;Chonky brown;Ch'ti Triple;;FR;tripel;8.3;750;19/10/2018
187;Chonky brown;Ch’ti Ambrée;;FR;amber;5.9;750;28/05/2018
291;Chonky brown;Ch'ti Blonde;;FR;blonde;6.4;750;
1043;Chonky brown;Ch'ti Blonde;;FR;blonde;6.8;330;24/01/2023
729;Chonky brown;Bredon;;FR;champagne;12.5;750;19/10/2021
677;Chonky brown;Triple Abbé;;FR;tripel;9;330;15/08/2021
996;Chonky brown;Aerofab Rafale;;FR;NEIPA;6.5;440;03/12/2022
854;Chonky brown;La Brasserie du Mont Saleve IPA;;FR;IPA;6.7;330;27/06/2022
859;Chonky brown;Bellerose;;FR;blonde;6.5;330;01/07/2022
426;Chonky brown;Gran Alpin;;CH;amber;5;330;18/12/2019
181;White;Chimay 2018;;BE;trappist;9;330;
1222;White;Chimay 2023;;BE;trappist;9;330;05/08/2023
853;White;Chimay Blonde Forte;;BE;blonde;10;330;03/06/2022
189;White;Chimay Brune;;BE;trappist;7;330;02/06/2018
328;White;Chimay Blonde Dorée;;BE;trappist;4.8;330;14/06/2019
427;White;Chimay Triple;;BE;trappist;8;330;19/12/2019
214;White;La Trappe Quadrupel;;NL;trappist;10;330;06/08/2018
257;White;La Trappe Dubbel;;NL;trappist;7;330;28/11/2018
471;White;La Trappe Bockbier;;NL;trappist;7;330;23/02/2020
281;White;La Trappe Isid'or;;NL;trappist;7.5;330;15/02/2019
287;White;La Trappe Blond;;NL;trappist;6.5;330;16/02/2019
288;White;La Trappe Witte Trappist;;NL;trappist;5.5;330;18/02/2019
865;White;La Trappe / Brewdog Practise What You Preach;;NL;trappist;10;330;07/07/2022
890;White;La Trappe Puur;;NL;trappist;4.7;330;02/09/2022
1384;White;La Trapper Tripel;;NL;trappist;8.6;750;12/02/2024
665;White;Westmalle;;BE;trappist;4.8;330;05/07/2021
;White;Westmalle;;BE;trappist;9.5;330;28/12/2015
302;White;Westmalle;;BE;trappist;7;330;03/04/2019
805;White;Zundert 8;;NL;trappist;8;330;20/03/2022
940;White;Zundert 10;;NL;trappist;10;330;17/10/2022
304;White;Achel Blond;;BE;trappist;8;330;06/04/2019
924;White;Achel Bruin;;BE;trappist;8;330;02/10/2022
251;White;Orval;;BE;trappist;6.2;330;10/11/2018
910;White;Tynt Meadow;;UK;trappist;7.4;330;15/09/2022
913;White;Tre Fontane;;IT;trappist;8.5;330;17/09/2022
939;White;Mont des Cats;;FR;trappist;7.6;330;16/10/2022
1000;White;Spencer Quadrupel;;US;trappist;10.2;330;07/12/2022
1250;White;Spencer Ale;;US;trappist;6.5;330;27/08/2023
948;White;Engelszell Benno;;AT;trappist;6.9;330;26/10/2022
959;White;Engelszell Gregorius;;AT;trappist;10.5;330;
801;White;Trappistes Rochefort tripel Extra;1899;BE;trappist;8.1;330;18/03/2022
285;White;Trappistes Rochefort 6;1899;BE;trappist;7.5;330;15/02/2019
305;White;Trappistes Rochefort 8;1899;BE;trappist;9.2;330;06/04/2019
219;White;Trappistes Rochefort 10;1899;BE;trappist;11.3;330;19/08/2018
1400;White;Trappist Westvleteren;;BE;trappist;10.2;330;11/03/2024
;Tall black;Leffe Brune;1240;BE;brown abbey;6.5;750;
;Tall black;Leffe Brune;1240;BE;brown abbey;6.5;330;
377;Tall black;Leffe Tripel;1240;BE;"blonde; tripel";8.5;750;23/09/2019
378;Tall black;Leffe Rituel 9;1240;BE;abbey;9;750;25/09/2019
;Tall black;Leffe Radieuse;1240;BE;amber;8.2;330;02/09/2017
175;Tall black;Leffe Rituel 9;1240;BE;abbey;9;250;10/04/2018
176;Tall black;Leffe Tripel;1240;BE;abbey tripel;8.5;750;
556;Tall black;Leffe Blonde;1240;BE;blonde;6.6;750;
193;Tall black;Leffe Ambrée;1240;BE;abbey amber;6.6;250;10/06/2018
199;Tall black;Leffe Mounthood;1240;BE;abbey amber;7.5;250;21/06/2018
239;Tall black;Leffe d'été;1240;BE;summer;5.2;250;20/09/2018
795;Tall black;Leffe Hiver;1240;BE;amber;6.6;330;08/03/2022
878;Tall black;Leffe Tripel;1240;BE;abbey tripel;8.5;330;03/08/2022
;Tall black;Manneken;;BE;pilsner;5;330;
669;Tall black;Tempelier;1118;BE;amber;6;330;22/07/2021
;Tall black;Gouyasse;;BE;beer;6;330;
;Tall black;Pater Lieven;1897;BE;brown abbey;6.5;330;15/04/2014
248;Tall black;Affligem;1074;BE;blonde;6.7;330;18/10/2018
;Tall black;Affligem;1074;BE;blonde;6.7;330;
;Tall black;Affligem;1074;BE;double;6.8;330;19/12/2016
200;Tall black;Gulden Draak 9000;;BE;quadruple;10.5;330;07/07/2018
593;Tall black;Gulden Draak Classic;;BE;red tripel;10.5;330;25/12/2020
594;Tall black;Gulden Draak 9000;;BE;quadruple;10.5;330;25/12/2020
262;Tall black;Judas;;BE;blonde;8.5;330;13/12/2018
263;Tall black;Waterloo;;BE;dark;8;750;13/12/2018
466;Tall black;Kwak;1791;BE;Belgian;8.4;330;19/02/2020
215;Tall black;Kwak;1791;BE;Belgian;8.4;330;07/08/2018
185;Tall black;Grimbergen Ambrée;1128;BE;amber;6.5;750;20/05/2018
202;Tall black;Grimbergen Double Ambrée;1128;BE;double amber;6.5;330;15/07/2018
1174;Tall black;Grimbergen Blonde;1128;BE;blonde;6.7;250;04/06/2023
238;Tall black;Grimbergen Heritage de l'Abbaye;1128;BE;abbey;8.5;250;19/09/2018
216;Tall black;Grimbergen Triple d'Abbaye;1128;BE;abbey tripel;8;250;11/08/2018
217;Tall black;Grimbergen Blonde;1128;BE;blonde;6.7;250;15/08/2018
218;Tall black;Grimbergen Blanche;1128;BE;wheat beer;6;250;16/08/2018
400;Tall black;Straffe Hendrik 11;;BE;quadruple;11;330;26/10/2019
925;Tall black;Straffe Hendrik 9;;BE;tripel;9;330;03/10/2022
1369;Tall black;Straffe Hendrik 2023 Wild;;BE;tripel;10;330;15/01/2024
985;Tall black;Arend;1886;BE;tripel;8;330;14/11/2022
174;Tall black;Duvel;1871;BE;beer;8.5;750;
666;Tall black;Duvel 666;1871;BE;blonde;6.66;330;07/07/2021
962;Tall black;Duvel Tripel Hop Cashmere;1871;BE;Belgian IPA;9.5;330;04/11/2022
735;Tall black;Blanche Bruxelles;;BE;white;4.5;330;29/10/2021
247;Tall black;Tongerlo Blonde;;BE;"abbey; blonde";6;330;10/10/2018
1136;Tall black;Tongerlo Bruin;;BE;"abbey; brown";6.5;330;10/04/2023
1230;Tall black;Tongerlo Tripel;;BE;"abbey; tripel";9;330;08/08/2023
415;Tall black;Sint Amatus;;BE;quadruple;10.5;330;08/12/2019
;Tall black;St. Bernardus Abt 12;;BE;abbey;10;330;19/01/2019
663;Tall black;St. Bernardus Prior 8;;BE;abbey;8;330;03/07/2021
494;Tall black;St. Bernardus Pater 6;;BE;abbey;6.7;330;23/05/2020
662;Tall black;St. Bernardus Extra 4;;BE;abbey;4.8;330;02/07/2021
;Tall black;St. Bernardus Tripel;;BE;abbey tripel;8;330;10/11/2018
527;Tall black;St. Bernardus Wit;;BE;"abbey; wheat";5.5;330;19/08/2020
1040;Tall black;St. Bernardus Christmas Ale;;BE;"abbey; Christmas beer";10;750;23/01/2023
356;Tall black;Blanche des Neiges;;BE;white;4.8;330;08/08/2019
502;Tall black;St. Feuillien Blonde;1873;BE;abbey;7.5;330;04/06/2020
833;Tall black;St. Feuillien Grand Cru;1873;BE;abbey blonde;9.5;330;30/04/2022
929;Tall black;St. Feuillien Quadrupel;1873;BE;"abbey; quadruple";11;330;09/10/2022
974;Tall black;St. Feuillien Tripel;1873;BE;"abbey; tripel";8.5;330;19/11/2022
1135;Tall black;St. Feuillien Saison;1873;BE;"abbey; saison";6.5;330;09/04/2023
531;Tall black;Forest;;BE;abbey;6.5;330;31/08/2020
243;Tall black;Cornet;;BE;blonde;8.5;330;29/09/2018
1268;Tall black;Cornet Smoked;;BE;smoked;8.5;330;16/09/2023
818;Tall black;Abbaye des Rocs;1979;BE;brown abbey;9;330;13/04/2022
815;Tall black;Aubel Triple;1907;BE;tripel;9;330;10/04/2022
1156;Tall black;Aubel Pure;1907;BE;blonde;5;330;03/05/2023
816;Tall black;La Corne du Bois des Pendus;1636;BE;blonde;5.9;330;10/04/2022
578;Tall black;Piraat;1784;BE;tripel;10.5;330;09/12/2020
579;Tall black;Piraat;1784;BE;beer;10.5;330;10/12/2020
583;Tall black;Bornem;;BE;abbey tripel;9;330;15/12/2020
585;Tall black;Bornem;;BE;abbey double;7.2;330;18/12/2020
670;Tall black;Gouden Carolus Tripel;;BE;tripel;9;330;28/07/2021
819;Tall black;Gouden Carolus Classic;;BE;strong dark;8.5;330;13/04/2022
768;Tall black;Petrus Blond;;BE;blonde ale;6.5;330;26/01/2022
796;Tall black;Omer;;BE;blonde;8;330;10/03/2022
790;Tall black;De Dochter van de Korenaar;;BE;smoky stout;7;330;05/03/2022
788;Tall black;Kerel Saison;;BE;saison;5.5;330;27/02/2022
797;Tall black;Kerel Grapefruit IPA;;BE;IPA;5;330;13/03/2022
823;Tall black;Kerel Organic Wit;;BE;wheat ale;6.6;330;15/04/2022
799;Tall black;Ardenne tripel;;BE;tripel;8.5;330;18/03/2022
804;Tall black;Tripel d'Anvers;;BE;tripel;8;330;20/03/2022
;Tall black;Strandgaper;;BE;blonde;6.5;330;
;Tall black;Delirium Tremens;1654;BE;strong pale;8.5;330;08/04/2013
811;Tall black;Delirium Nocturnum;1654;BE;strong dark;8.5;330;04/04/2022
814;Tall black;Delirium Argentum;1654;BE;amber IPA;7;330;08/04/2022
500;Tall black;Kasteel Donker;;BE;donker;11;330;01/06/2020
622;Tall black;Kasteel Blond;;BE;blonde;7;330;22/03/2021
623;Tall black;Kasteel Tripel;;BE;tripel;11;330;23/03/2021
624;Tall black;Kasteel Rouge;;BE;red;8;330;24/03/2021
812;Tall black;Kasteel Xtra;;BE;blonde;4.5;330;04/04/2022
965;Tall black;Kasteel Cuvée de Chateau;;BE;Belgian ale;11;330;08/11/2022
988;Tall black;Barista Chocolate Quad;;BE;Belgian ae;11;330;27/11/2022
;Tall black;Tripel Karmeliet;16xx;BE;abbey tripel;8.4;330;07/10/2017
855;Tall black;Bourgogne des Flandres;;BE;"red; brown";5;330;27/06/2022
856;Tall black;Voisin;;BE;saison;5;330;29/06/2022
734;Tall black;Vedett Extra White;;BE;white ale;4.7;330;29/10/2021
1215;Tall black;Vedett Extra Pilsner;;BE;pilsner;5.2;330;04/08/2023
300;Tall black;Poperings Hommelbier;;BE;pale ale;7.5;330;28/03/2019
1205;Tall black;Black Albert;;BE;royal stout;13;330;29/07/2023
876;Tall black;St. Pierre Blond;;BE;blonde;6.5;300;25/07/2022
1107;Tall black;St. Pierre Tripel;;BE;abbey tripel;8.7;300;10/03/2023
177;Tall black;La Chouffe Blond;;BE;blonde;8;330;20/04/2018
896;Tall black;Chouffe 40;;BE;blonde;5.6;330;06/09/2022
1006;Tall black;N'ice Chouffe;;BE;Christmas beer;10;330;15/12/2022
1097;Tall black;La Choufe Bok 6666;;BE;bock;6.66;330;28/02/2023
180;Tall black;Hapkin;;BE;blonde;8.5;330;11/05/2018
307;Tall black;Rince Cochon Blonde;;BE;blonde;8.5;330;06/04/2019
364;Tall black;Rince Cochon Whisky;;BE;whisky beer;8.5;750;
897;Tall black;Peak Tripel;;BE;tripel;8.5;330;06/09/2022
898;Tall black;Peak Summer;;BE;beer;4;330;06/09/2022
1068;Tall black;Peak Winter;;BE;beer;9;330;07/02/2023
976;Tall black;Ter Dolen Donker;;BE;dubbel;7.1;330;20/11/2022
1092;Tall black;Ter Dolen Tripel;;BE;tripel;8.1;330;26/02/2023
972;Tall black;De Verboden Vrucht;;BE;strong ale;8.5;330;18/11/2022
1206;Tall black;Chef Prion Saison 2023;;BE;saison ale;6.5;330;29/07/2023
830;Tall black;Enigma Hades;;BE;Imperial stout;10;330;25/04/2022
918;Tall black;Enigma Ragnaröck;;BE;blonde;5.5;330;12/09/2022
961;Tall black;Enigma Dragora;;BE;Belgian ale;7;330;03/11/2022
1368;Tall black;Enigma Tamera;;BE;tripel;9;330;14/01/2024
740;Tall black;The Wipers Times;;BE;blonde;6.2;330;04/11/2021
928;Tall black;Gerardus Dubbel;1732;BE;"abbey; dubbel";7;330;09/10/2022
504;Tall black;Troubadour Obscura;;BE;ale;8.2;330;16/06/2020
1172;Tall black;Troubadour Imperial Stout;;BE;imperial stout;9;330;31/05/2023
930;Tall black;Serafijn;;BE;stout;10;330;09/10/2022
931;Tall black;Oude Geuze Boon;;BE;lambic;7;375;09/10/2022
933;Tall black;Satan Red;;BE;amber;8;330;11/10/2022
934;Tall black;Bon Secours;;BE;amber;8;330;11/10/2022
;Tall black;Biere du Boucanier Red;;BE;red ale;7;330;
600;Tall black;Biere du Boucanier Golden;;BE;golden ale;11;330;01/01/2021
953;Tall black;Supreme Hoppy Intensive Thing (S.H.I.T.);;BE;dark IPA;13;330;29/10/2022
997;Tall black;Sjovoev;;BE;stout;13;330;04/12/2022
960;Tall black;Jupiler;;BE;beer;5.2;330;03/11/2022
978;Tall black;Maes;;BE;pilsner;5.2;250;23/11/2022
;Tall black;Stella Artois;1366;BE;beer;5;330;
178;Tall black;Hoegaarden;;BE;wheat beer;4.9;330;27/04/2018
;Tall black;Augustijn Blonde;1295;BE;abbey;7;330;
528;Tall black;Brugse Zot;;BE;beer;6;330;20/08/2020
993;Tall black;Brugse Zot Dubbel;;BE;dubbel;7.5;330;01/12/2022
;Tall black;Bush Ambrée;1769;BE;amber;12;330;04/07/2014
810;Tall black;Bush Caractère;1769;BE;amber;12;330;02/04/2022
1039;Tall black;Bush de Noël;1769;BE;christmas beer;12;330;21/01/2023
909;Tall black;Bush Triple;1769;BE;tripel;10.5;330;14/09/2022
977;Tall black;Bush Pêche Mel';1769;BE;flavoured;8.5;330;22/11/2022
986;Tall black;Bush Fram';1769;BE;flavoured;8.5;330;26/11/2022
503;Tall black;Mongozo;;BE;pilsner;5;330;05/06/2020
963;Tall black;Bertinchamps Triple;;BE;tripel;8;330;04/11/2022
998;Tall black;Invidia;;BE;chocolate stout;10;330;06/12/2022
999;Tall black;Lindemans Pecheresse;;BE;fruit lambic;2.5;250;06/12/2022
1001;Tall black;Préaris Quadrupel;;BE;quadruple;10;330;10/12/2022
1116;Tall black;Préaris Quadrocinno;;BE;quadruple;10;330;23/03/2023
746;Tall black;Liefmans Kriek Brut;;BE;Kriek;6;330;24/11/2021
1036;Tall black;Liefmans On the Rocks;;BE;fruit beer;5;330;16/01/2023
1063;Tall black;Miss Lucie;;BE;blonde;8;330;04/02/2023
1065;Tall black;Bootjesbier;;BE;amber;7;330;04/02/2023
1067;Tall black;Seef;;BE;beer;6.5;330;06/02/2023
1104;Tall black;Super Cadix;;BE;pilsner;5.6;330;07/03/2023
1057;Tall black;Sancti Adalberti Abdijbock;;BE;"abbey; bock";6.5;330;02/02/2023
1078;Tall black;Sancti Adalberti Pastorale;;BE;abbey;8;330;13/02/2023
1079;Tall black;Sancti Adalberti;;BE;"abbey; blonde";5.7;330;14/02/2023
1073;Tall black;Fourchette;;BE;tripel;7.5;330;10/02/2023
1094;Tall black;Nachtraaf Quadrupel;;BE;quadruple;10;330;27/02/2023
1105;Tall black;Nachtraaf Tripel;;BE;tripel;8;330;07/03/2023
1031;Tall black;Clash of the Titans Reserve;;BE;unfiltered;12;330;10/01/2023
1197;Tall black;Abbaye d'Auline Ambrée;;BE;abbey;6;330;08/07/2023
1119;Tall black;Victoria;1695;BE;Belgian;8.5;330;25/03/2023
1131;Tall black;Tripel LeFort;1854;BE;blonde;8.8;330;08/04/2023
574;Tall black;Duchesse de Bourgogne;;BE;amber;6.2;330;04/12/2020
1140;Tall black;Duchesse Chocolate Cherry;;BE;cherry ale;6.8;250;11/04/2023
1137;Tall black;Luvanum Blond;;BE;blonde;7.2;330;03/04/2023
1138;Tall black;Luvanum Wintertijd;;BE;winterbeer;8;330;03/04/2023
1139;Tall black;Luvanum We Love Hop;;BE;BIPA;8;330;03/04/2023
1300;Tall black;Val-Dieu Excellence 2023;;BE;tripel;12;750;21/10/2023
886;Tall black;Val-Dieu Triple;;BE;abbey tripel;9;330;25/08/2022
1377;Tall black;Val-Dieu Triple;;BE;abbey tripel;9;750;26/01/2024
1243;Tall black;Val-Dieu Blonde;;BE;"abbey; blonde";6;330;20/08/2023
1248;Tall black;Val-Dieu Cuvée 800;;BE;abbey;5.5;330;25/08/2023
1166;Tall black;Val-Dieu Cuvée 800;;BE;abbey;5.5;750;20/05/2023
1173;Tall black;Val-Dieu Grand Cru;;BE;abbey;10.5;750;03/06/2023
1267;Tall black;Val-Dieu Brune;;BE;"abbey; brown";8;330;13/09/2023
1332;Tall black;Val-Dieu Noël;;BE;"abbey; Christmas beer";7;330;27/11/2023
1380;Tall black;Val-Dieu Noël;;BE;"abbey; Christmas beer";7;750;02/02/2024
973;Tall black;Brussels Beer Project Babylone;;BE;bread IPA;7;330;18/11/2022
1225;Tall black;Brussels Beer Project Babylone New Edition;;BE;CIPAwB;5.5;330;05/08/2023
1211;Tall black;Brussels Beer Project Delta IPA;;BE;SIPA;6;330;04/08/2023
1218;Tall black;Brussels Beer Project Tripel Bertha;;BE;"tripel; blanche";7.5;330;05/08/2023
1226;Tall black;Brussels Beer Project Jungle Joy;;BE;fruit ale;5.9;330;05/08/2023
1212;Tall black;Jambe-de-Bois;;BE;tripel;8;330;04/08/2023
1213;Tall black;Taras Boulba;;BE;ale;4.5;330;04/08/2023
1214;Tall black;Zinnebir;;BE;pale ale;5.8;330;04/08/2023
1216;Tall black;Bersalis tripel;1882;BE;tripel;9.5;330;04/08/2023
1217;Tall black;Heeren;;BE;beer;4.8;330;05/08/2023
1219;Tall black;Epervier;;BE;IPA;7;330;05/08/2023
1220;Tall black;Urine;;BE;DIPA;7;330;05/08/2023
1221;Tall black;Gordon Scotch Ale;1909;BE;ale;8;330;05/08/2023
1209;Tall black;St-Michel Blonde;;BE;"abbey; blonde";6;330;04/08/2023
1210;Tall black;St-Michel Brune;;BE;"abbey; brown";6.5;330;04/08/2023
1223;Tall black;Tête De Mort Triple;;BE;tripel;8.1;330;05/08/2023
1224;Tall black;Fumaça;;BE;"smoky; dubbel";7.9;330;05/08/2023
1207;Tall black;Armout Macleod;;BE;scotch;9.5;330;30/07/2023
1162;Tall black;Cuvée des Trolls;;BE;beer;7;330;12/05/2023
1321;Tall black;Moesjike Tripple;;BE;tripel;8.5;330;02/11/2023
1322;Tall black;Moesjike Magniac;;BE;flavoured;6.9;330;02/11/2023
1167;Tall black;Stassen;;BE;cider;7.4;750;20/05/2023
;Tall black;Brigand;;BE;beer;9;330;
1401;Tall black;Eifel Beer Myday;;BE;beer;6.5;330;11/03/2024
1118;Tall black;Rodenbach Fruitage;;BE;cider;3.9;250;25/03/2023
1190;Tall black;Rodenbach Fruitage;;BE;cider;3.9;250;02/07/2023
1191;Tall black;Lindemans Kriek;;BE;lambic;3.5;250;02/07/2023
1245;Tall black;Lindemans Faro;;BE;lambic;4.5;250;22/08/2023
1233;Tall black;Brein Storm H20 + NaCl;;BE;tripel;8;330;14/08/2023
1234;Tall black;Brein Storm;;BE;blonde;6;330;15/08/2023
1235;Tall black;Puffin Brewery Ðingvellir V2;;BE;IIPA;7.2;330;16/08/2023
1244;Tall black;Puffin Brewery Jólasveinar;;BE;Imperial milk stout;9.5;330;21/08/2023
1246;Tall black;De Rechter Richt Honey?!;;BE;honey;9.5;330;22/08/2023
1365;Tall black;De Rechter Dracarys;;BE;tripel;10;330;13/01/2024
1274;Tall black;Mort Subite lambic kriek;;BE;lambic;4.5;250;27/09/2023
1275;Tall black;Mort Subite lambic blanc;;BE;lambic;5.5;250;27/09/2023
1247;Tall black;Ultima Whisky Barrel Aged 2022;;BE;barrel aged;7;330;23/08/2023
1272;Tall black;Ultima Rum-Oaked;;BE;barley wine;10;330;22/09/2023
1379;Tall black;Riebedebie;;DE;tripel;9;330;31/01/2024
1280;Tall black;Triporteur from Heaven;;BE;blonde;6.2;330;01/10/2023
1324;Tall black;Triporteur from Hell;;BE;porter;6.6;330;10/11/2023
1391;Tall black;Triporteur Full Moon;;BE;oaked;10.2;330;23/02/2024
;Tall black;Kapittel Dubbel;;BE;abbey;7.5;330;
672;Tall black;Kapittel Pater;;BE;abbey;6;330;06/08/2021
1292;Tall black;Kapittel Tripel Abt 10°;;BE;abbey;6;330;07/10/2023
1296;Tall black;Kapittel Prior 9°;;BE;abbey;6;330;15/10/2023
;Tall black;St. Stefanus Blonde;1295;BE;abbey;7;330;04/04/2017
835;Tall black;St. Stefanus Blonde;1295;BE;abbey;7;330;03/05/2022
1041;Tall black;St. Stefanus Grand Cru;1296;BE;abbey;9;750;24/01/2023
;Tall black;Gentse;;BE;tripel;;330;
828;Tall black;Cuvée Clarisse Whisky Infused;1743;BE;strong ruby;10.2;330;24/04/2022
1390;Tall black;Cuvée Clarisse Rum Liquor Infused;1743;BE;strong dark;11.2;330;18/02/2024
401;Tall black;Gruut Inferno;;BE;tripel;9;330;26/10/2019
1392;Tall black;Gruut Amber;;BE;amber;5.9;330;27/02/2024
1381;Tall black;Bavo;;BE;blonde;7.2;330;03/02/2024
1383;Tall black;Jan van Eyck;;BE;tripel;8;330;11/02/2024
1387;Tall black;Brugge Cornelius;;BE;blonde;6.7;330;13/02/2024
1393;Tall black;Charles Quint;;BE;blonde;8.5;330;29/02/2024
1395;Tall black;3 Schténg;;BE;amber;6;330;06/03/2024
1282;Tall black;Hop Pug FR Brandy;;BE;barrel aged;11;330;03/10/2023
1398;Tall black;Hop Pug Red Wine;;BE;barrel aged;11;330;09/03/2024
